run_name,tokens,learning_rate
From scratch,0.0,0.0
From scratch,100100100.1001001,4.004004004004004e-06
From scratch,200200200.2002002,8.008008008008007e-06
From scratch,300300300.3003003,1.2012012012012012e-05
From scratch,400400400.4004004,1.6016016016016015e-05
From scratch,500500500.5005005,2.002002002002002e-05
From scratch,600600600.6006006,2.4024024024024024e-05
From scratch,700700700.7007006,2.8028028028028025e-05
From scratch,800800800.8008008,3.203203203203203e-05
From scratch,900900900.9009008,3.603603603603604e-05
From scratch,1001001001.001001,4.004004004004004e-05
From scratch,1101101101.1011012,4.404404404404404e-05
From scratch,1201201201.2012012,4.804804804804805e-05
From scratch,1301301301.3013012,5.205205205205205e-05
From scratch,1401401401.4014013,5.605605605605605e-05
From scratch,1501501501.5015016,6.0060060060060066e-05
From scratch,1601601601.6016016,6.406406406406406e-05
From scratch,1701701701.7017019,6.806806806806807e-05
From scratch,1801801801.8018017,7.207207207207208e-05
From scratch,1901901901.901902,7.607607607607608e-05
From scratch,2002002002.002002,8.008008008008008e-05
From scratch,2102102102.1021023,8.408408408408409e-05
From scratch,2202202202.2022023,8.808808808808808e-05
From scratch,2302302302.3023024,9.20920920920921e-05
From scratch,2402402402.4024024,9.60960960960961e-05
From scratch,2502502502.5025024,0.00010010010010010012
From scratch,2602602602.6026025,0.0001041041041041041
From scratch,2702702702.702703,0.00010810810810810812
From scratch,2802802802.8028026,0.0001121121121121121
From scratch,2902902902.902903,0.00011611611611611612
From scratch,3003003003.003003,0.00012012012012012013
From scratch,3103103103.103103,0.00012412412412412413
From scratch,3203203203.203203,0.00012812812812812812
From scratch,3303303303.3033032,0.00013213213213213211
From scratch,3403403403.4034038,0.00013613613613613614
From scratch,3503503503.503504,0.00014014014014014013
From scratch,3603603603.6036034,0.00014414414414414415
From scratch,3703703703.7037034,0.00014814814814814815
From scratch,3803803803.803804,0.00015215215215215217
From scratch,3903903903.903904,0.00015615615615615616
From scratch,4004004004.004004,0.00016016016016016016
From scratch,4104104104.104104,0.00016416416416416415
From scratch,4204204204.2042046,0.00016816816816816817
From scratch,4304304304.304304,0.0001721721721721722
From scratch,4404404404.404405,0.00017617617617617616
From scratch,4504504504.504504,0.00018018018018018016
From scratch,4604604604.604605,0.0001841841841841842
From scratch,4704704704.704705,0.0001881881881881882
From scratch,4804804804.804805,0.0001921921921921922
From scratch,4904904904.904904,0.0001961961961961962
From scratch,5005005005.005005,0.0002
From scratch,5105105105.105105,0.0002
From scratch,5205205205.205205,0.0002
From scratch,5305305305.3053055,0.0002
From scratch,5405405405.405406,0.0002
From scratch,5505505505.505506,0.0002
From scratch,5605605605.605605,0.0002
From scratch,5705705705.705706,0.0002
From scratch,5805805805.805806,0.0002
From scratch,5905905905.905906,0.0002
From scratch,6006006006.006006,0.0002
From scratch,6106106106.106106,0.0002
From scratch,6206206206.206206,0.0002
From scratch,6306306306.306306,0.0002
From scratch,6406406406.406406,0.0002
From scratch,6506506506.506507,0.0002
From scratch,6606606606.6066065,0.0002
From scratch,6706706706.706707,0.0002
From scratch,6806806806.8068075,0.0002
From scratch,6906906906.906907,0.0002
From scratch,7007007007.007008,0.0002
From scratch,7107107107.107106,0.0002
From scratch,7207207207.207207,0.0002
From scratch,7307307307.307308,0.0002
From scratch,7407407407.407407,0.0002
From scratch,7507507507.507507,0.0002
From scratch,7607607607.607608,0.0002
From scratch,7707707707.707707,0.0002
From scratch,7807807807.807808,0.0002
From scratch,7907907907.9079075,0.0002
From scratch,8008008008.008008,0.0002
From scratch,8108108108.1081085,0.0002
From scratch,8208208208.208208,0.0002
From scratch,8308308308.308309,0.0002
From scratch,8408408408.408409,0.0002
From scratch,8508508508.508509,0.0002
From scratch,8608608608.608608,0.0002
From scratch,8708708708.708708,0.0002
From scratch,8808808808.80881,0.0002
From scratch,8908908908.908909,0.0002
From scratch,9009009009.009008,0.0002
From scratch,9109109109.10911,0.0002
From scratch,9209209209.20921,0.0002
From scratch,9309309309.309309,0.0002
From scratch,9409409409.40941,0.0002
From scratch,9509509509.509508,0.0002
From scratch,9609609609.60961,0.0002
From scratch,9709709709.709711,0.0002
From scratch,9809809809.809809,0.0002
From scratch,9909909909.90991,0.0002
From scratch,10010010010.01001,0.0002
From scratch,10110110110.11011,0.0002
From scratch,10210210210.21021,0.0002
From scratch,10310310310.31031,0.0002
From scratch,10410410410.41041,0.0002
From scratch,10510510510.510511,0.0002
From scratch,10610610610.610611,0.0002
From scratch,10710710710.71071,0.0002
From scratch,10810810810.810812,0.0002
From scratch,10910910910.910912,0.0002
From scratch,11011011011.011011,0.0002
From scratch,11111111111.11111,0.0002
From scratch,11211211211.21121,0.0002
From scratch,11311311311.311312,0.0002
From scratch,11411411411.411411,0.0002
From scratch,11511511511.51151,0.0002
From scratch,11611611611.611612,0.0002
From scratch,11711711711.711712,0.0002
From scratch,11811811811.811811,0.0002
From scratch,11911911911.911911,0.0002
From scratch,12012012012.012012,0.0002
From scratch,12112112112.112112,0.0002
From scratch,12212212212.212212,0.0002
From scratch,12312312312.312313,0.0002
From scratch,12412412412.412413,0.0002
From scratch,12512512512.512514,0.0002
From scratch,12612612612.612612,0.0002
From scratch,12712712712.712711,0.0002
From scratch,12812812812.812813,0.0002
From scratch,12912912912.912912,0.0002
From scratch,13013013013.013014,0.0002
From scratch,13113113113.113111,0.0002
From scratch,13213213213.213213,0.0002
From scratch,13313313313.313313,0.0002
From scratch,13413413413.413414,0.0002
From scratch,13513513513.513514,0.0002
From scratch,13613613613.613615,0.0002
From scratch,13713713713.713713,0.0002
From scratch,13813813813.813814,0.0002
From scratch,13913913913.913914,0.0002
From scratch,14014014014.014015,0.0002
From scratch,14114114114.114115,0.0002
From scratch,14214214214.214212,0.0002
From scratch,14314314314.314314,0.0002
From scratch,14414414414.414413,0.0002
From scratch,14514514514.514515,0.0002
From scratch,14614614614.614616,0.0002
From scratch,14714714714.714714,0.0002
From scratch,14814814814.814814,0.0002
From scratch,14914914914.914915,0.0002
From scratch,15015015015.015015,0.0002
From scratch,15115115115.115116,0.0002
From scratch,15215215215.215216,0.0002
From scratch,15315315315.315315,0.0002
From scratch,15415415415.415415,0.0002
From scratch,15515515515.515516,0.0002
From scratch,15615615615.615616,0.0002
From scratch,15715715715.715717,0.0002
From scratch,15815815815.815815,0.0002
From scratch,15915915915.915915,0.0002
From scratch,16016016016.016016,0.0002
From scratch,16116116116.116116,0.0002
From scratch,16216216216.216217,0.0002
From scratch,16316316316.316315,0.0002
From scratch,16416416416.416416,0.0002
From scratch,16516516516.516516,0.0002
From scratch,16616616616.616617,0.0002
From scratch,16716716716.716717,0.0002
From scratch,16816816816.816818,0.0002
From scratch,16916916916.916916,0.0002
From scratch,17017017017.017017,0.0002
From scratch,17117117117.117117,0.0002
From scratch,17217217217.217216,0.0002
From scratch,17317317317.317318,0.0002
From scratch,17417417417.417416,0.0002
From scratch,17517517517.517517,0.0002
From scratch,17617617617.61762,0.0002
From scratch,17717717717.717716,0.0002
From scratch,17817817817.817818,0.0002
From scratch,17917917917.917915,0.0002
From scratch,18018018018.018017,0.0002
From scratch,18118118118.11812,0.0002
From scratch,18218218218.21822,0.0002
From scratch,18318318318.318317,0.0002
From scratch,18418418418.41842,0.0002
From scratch,18518518518.518517,0.0002
From scratch,18618618618.618618,0.0002
From scratch,18718718718.71872,0.0002
From scratch,18818818818.81882,0.0002
From scratch,18918918918.91892,0.0002
From scratch,19019019019.019016,0.0002
From scratch,19119119119.119118,0.0002
From scratch,19219219219.21922,0.0002
From scratch,19319319319.31932,0.0002
From scratch,19419419419.419422,0.0002
From scratch,19519519519.51952,0.0002
From scratch,19619619619.619617,0.0002
From scratch,19719719719.71972,0.0002
From scratch,19819819819.81982,0.0002
From scratch,19919919919.91992,0.0002
From scratch,20020020020.02002,0.0002
From scratch,20120120120.120117,0.0002
From scratch,20220220220.22022,0.0002
From scratch,20320320320.32032,0.0002
From scratch,20420420420.42042,0.0002
From scratch,20520520520.520523,0.0002
From scratch,20620620620.62062,0.0002
From scratch,20720720720.72072,0.0002
From scratch,20820820820.82082,0.0002
From scratch,20920920920.92092,0.0002
From scratch,21021021021.021023,0.0002
From scratch,21121121121.121124,0.0002
From scratch,21221221221.221222,0.0002
From scratch,21321321321.32132,0.0002
From scratch,21421421421.42142,0.0002
From scratch,21521521521.521523,0.0002
From scratch,21621621621.621624,0.0002
From scratch,21721721721.72172,0.0002
From scratch,21821821821.821823,0.0002
From scratch,21921921921.92192,0.0002
From scratch,22022022022.022022,0.0002
From scratch,22122122122.122124,0.0002
From scratch,22222222222.22222,0.0002
From scratch,22322322322.322323,0.0002
From scratch,22422422422.42242,0.0002
From scratch,22522522522.522522,0.0002
From scratch,22622622622.622623,0.0002
From scratch,22722722722.722725,0.0002
From scratch,22822822822.822823,0.0002
From scratch,22922922922.922924,0.0002
From scratch,23023023023.02302,0.0002
From scratch,23123123123.123123,0.0002
From scratch,23223223223.223225,0.0002
From scratch,23323323323.323322,0.0002
From scratch,23423423423.423424,0.0002
From scratch,23523523523.523525,0.0002
From scratch,23623623623.623623,0.0002
From scratch,23723723723.723724,0.0002
From scratch,23823823823.823822,0.0002
From scratch,23923923923.923923,0.0002
From scratch,24024024024.024025,0.0002
From scratch,24124124124.124123,0.0002
From scratch,24224224224.224224,0.0002
From scratch,24324324324.324326,0.0002
From scratch,24424424424.424423,0.0002
From scratch,24524524524.524525,0.0002
From scratch,24624624624.624626,0.0002
From scratch,24724724724.724724,0.0002
From scratch,24824824824.824825,0.0002
From scratch,24924924924.924923,0.0002
From scratch,25025025025.02503,0.0002
From scratch,25125125125.125126,0.0002
From scratch,25225225225.225224,0.0002
From scratch,25325325325.325325,0.0002
From scratch,25425425425.425423,0.0002
From scratch,25525525525.525528,0.0002
From scratch,25625625625.625626,0.0002
From scratch,25725725725.725723,0.0002
From scratch,25825825825.825825,0.0002
From scratch,25925925925.925926,0.0002
From scratch,26026026026.026028,0.0002
From scratch,26126126126.126125,0.0002
From scratch,26226226226.226223,0.0002
From scratch,26326326326.32633,0.0002
From scratch,26426426426.426426,0.0002
From scratch,26526526526.526527,0.0002
From scratch,26626626626.626625,0.0002
From scratch,26726726726.72673,0.0002
From scratch,26826826826.826828,0.0002
From scratch,26926926926.926926,0.0002
From scratch,27027027027.027027,0.0002
From scratch,27127127127.127125,0.0002
From scratch,27227227227.22723,0.0002
From scratch,27327327327.327328,0.0002
From scratch,27427427427.427425,0.0002
From scratch,27527527527.52753,0.0002
From scratch,27627627627.62763,0.0002
From scratch,27727727727.72773,0.0002
From scratch,27827827827.827827,0.0002
From scratch,27927927927.927925,0.0002
From scratch,28028028028.02803,0.0002
From scratch,28128128128.128128,0.0002
From scratch,28228228228.22823,0.0002
From scratch,28328328328.328327,0.0002
From scratch,28428428428.428425,0.0002
From scratch,28528528528.52853,0.0002
From scratch,28628628628.628628,0.0002
From scratch,28728728728.72873,0.0002
From scratch,28828828828.828827,0.0002
From scratch,28928928928.928925,0.0002
From scratch,29029029029.02903,0.0002
From scratch,29129129129.129128,0.0002
From scratch,29229229229.229233,0.0002
From scratch,29329329329.32933,0.0002
From scratch,29429429429.42943,0.0002
From scratch,29529529529.52953,0.0002
From scratch,29629629629.629627,0.0002
From scratch,29729729729.729733,0.0002
From scratch,29829829829.82983,0.0002
From scratch,29929929929.92993,0.0002
From scratch,30030030030.03003,0.0002
From scratch,30130130130.130127,0.0002
From scratch,30230230230.230232,0.0002
From scratch,30330330330.33033,0.0002
From scratch,30430430430.43043,0.0002
From scratch,30530530530.53053,0.0002
From scratch,30630630630.63063,0.0002
From scratch,30730730730.730732,0.0002
From scratch,30830830830.83083,0.0002
From scratch,30930930930.930935,0.0002
From scratch,31031031031.031033,0.0002
From scratch,31131131131.13113,0.0002
From scratch,31231231231.23123,0.0002
From scratch,31331331331.33133,0.0002
From scratch,31431431431.431435,0.0002
From scratch,31531531531.531532,0.0002
From scratch,31631631631.63163,0.0002
From scratch,31731731731.73173,0.0002
From scratch,31831831831.83183,0.0002
From scratch,31931931931.931934,0.0002
From scratch,32032032032.032032,0.0002
From scratch,32132132132.13213,0.0002
From scratch,32232232232.23223,0.0002
From scratch,32332332332.332333,0.0002
From scratch,32432432432.432434,0.0002
From scratch,32532532532.53253,0.0002
From scratch,32632632632.63263,0.0002
From scratch,32732732732.732735,0.0002
From scratch,32832832832.832832,0.0002
From scratch,32932932932.932934,0.0002
From scratch,33033033033.03303,0.0002
From scratch,33133133133.133137,0.0002
From scratch,33233233233.233234,0.0002
From scratch,33333333333.333332,0.0002
From scratch,33433433433.433434,0.0002
From scratch,33533533533.53353,0.0002
From scratch,33633633633.633636,0.0002
From scratch,33733733733.733734,0.0002
From scratch,33833833833.83383,0.0002
From scratch,33933933933.933937,0.0002
From scratch,34034034034.034035,0.0002
From scratch,34134134134.134136,0.0002
From scratch,34234234234.234234,0.0002
From scratch,34334334334.33433,0.0002
From scratch,34434434434.43443,0.0002
From scratch,34534534534.53453,0.0002
From scratch,34634634634.634636,0.0002
From scratch,34734734734.73473,0.0002
From scratch,34834834834.83483,0.0002
From scratch,34934934934.93494,0.0002
From scratch,35035035035.035034,0.0002
From scratch,35135135135.13514,0.0002
From scratch,35235235235.23524,0.0002
From scratch,35335335335.335335,0.0002
From scratch,35435435435.43543,0.0002
From scratch,35535535535.53554,0.0002
From scratch,35635635635.635635,0.0002
From scratch,35735735735.73573,0.0002
From scratch,35835835835.83583,0.0002
From scratch,35935935935.935936,0.0002
From scratch,36036036036.03603,0.0002
From scratch,36136136136.13614,0.0002
From scratch,36236236236.23624,0.0002
From scratch,36336336336.33634,0.0002
From scratch,36436436436.43644,0.0002
From scratch,36536536536.53654,0.0002
From scratch,36636636636.636635,0.0002
From scratch,36736736736.73673,0.0002
From scratch,36836836836.83684,0.0002
From scratch,36936936936.936935,0.0002
From scratch,37037037037.03703,0.0002
From scratch,37137137137.13714,0.0002
From scratch,37237237237.237236,0.0002
From scratch,37337337337.33734,0.0002
From scratch,37437437437.43744,0.0002
From scratch,37537537537.53754,0.0002
From scratch,37637637637.63764,0.0002
From scratch,37737737737.73774,0.0002
From scratch,37837837837.83784,0.0002
From scratch,37937937937.937935,0.0002
From scratch,38038038038.03803,0.0002
From scratch,38138138138.13814,0.0002
From scratch,38238238238.238235,0.0002
From scratch,38338338338.33834,0.0002
From scratch,38438438438.43844,0.0002
From scratch,38538538538.538536,0.0002
From scratch,38638638638.63864,0.0002
From scratch,38738738738.73874,0.0002
From scratch,38838838838.838844,0.0002
From scratch,38938938938.93894,0.0002
From scratch,39039039039.03904,0.0002
From scratch,39139139139.13914,0.0002
From scratch,39239239239.239235,0.0002
From scratch,39339339339.33934,0.0002
From scratch,39439439439.43944,0.0002
From scratch,39539539539.53954,0.0002
From scratch,39639639639.63964,0.0002
From scratch,39739739739.73974,0.0002
From scratch,39839839839.83984,0.0002
From scratch,39939939939.93994,0.0002
From scratch,40040040040.04004,0.0002
From scratch,40140140140.14014,0.0002
From scratch,40240240240.240234,0.0002
From scratch,40340340340.34034,0.0002
From scratch,40440440440.44044,0.0002
From scratch,40540540540.54054,0.0002
From scratch,40640640640.64064,0.0002
From scratch,40740740740.74074,0.0002
From scratch,40840840840.84084,0.0002
From scratch,40940940940.94094,0.0002
From scratch,41041041041.041046,0.0002
From scratch,41141141141.14114,0.0002
From scratch,41241241241.24124,0.0002
From scratch,41341341341.34134,0.0002
From scratch,41441441441.44144,0.0002
From scratch,41541541541.54154,0.0002
From scratch,41641641641.64164,0.0002
From scratch,41741741741.74174,0.0002
From scratch,41841841841.84184,0.0002
From scratch,41941941941.94194,0.0002
From scratch,42042042042.042046,0.0002
From scratch,42142142142.14214,0.0002
From scratch,42242242242.24225,0.0002
From scratch,42342342342.34235,0.0002
From scratch,42442442442.442444,0.0002
From scratch,42542542542.54254,0.0002
From scratch,42642642642.64264,0.0002
From scratch,42742742742.742744,0.0002
From scratch,42842842842.84284,0.0002
From scratch,42942942942.94294,0.0002
From scratch,43043043043.043045,0.0002
From scratch,43143143143.14314,0.0002
From scratch,43243243243.24325,0.0002
From scratch,43343343343.343346,0.0002
From scratch,43443443443.44344,0.0002
From scratch,43543543543.54354,0.0002
From scratch,43643643643.64365,0.0002
From scratch,43743743743.743744,0.0002
From scratch,43843843843.84384,0.0002
From scratch,43943943943.94394,0.0002
From scratch,44044044044.044044,0.0002
From scratch,44144144144.14414,0.0002
From scratch,44244244244.24425,0.0002
From scratch,44344344344.344345,0.0002
From scratch,44444444444.44444,0.0002
From scratch,44544544544.54455,0.0002
From scratch,44644644644.644646,0.0002
From scratch,44744744744.74474,0.0002
From scratch,44844844844.84484,0.0002
From scratch,44944944944.94494,0.0002
From scratch,45045045045.045044,0.0002
From scratch,45145145145.14514,0.0002
From scratch,45245245245.24525,0.0002
From scratch,45345345345.345345,0.0002
From scratch,45445445445.44545,0.0002
From scratch,45545545545.54555,0.0002
From scratch,45645645645.645645,0.0002
From scratch,45745745745.74575,0.0002
From scratch,45845845845.84585,0.0002
From scratch,45945945945.945946,0.0002
From scratch,46046046046.04604,0.0002
From scratch,46146146146.14614,0.0002
From scratch,46246246246.24625,0.0002
From scratch,46346346346.346344,0.0002
From scratch,46446446446.44645,0.0002
From scratch,46546546546.54655,0.0002
From scratch,46646646646.646645,0.0002
From scratch,46746746746.74675,0.0002
From scratch,46846846846.84685,0.0002
From scratch,46946946946.94695,0.0002
From scratch,47047047047.04705,0.0002
From scratch,47147147147.14715,0.0002
From scratch,47247247247.247246,0.0002
From scratch,47347347347.34734,0.0002
From scratch,47447447447.44745,0.0002
From scratch,47547547547.54755,0.0002
From scratch,47647647647.647644,0.0002
From scratch,47747747747.74775,0.0002
From scratch,47847847847.84785,0.0002
From scratch,47947947947.94795,0.0002
From scratch,48048048048.04805,0.0002
From scratch,48148148148.14815,0.0002
From scratch,48248248248.248245,0.0002
From scratch,48348348348.34835,0.0002
From scratch,48448448448.44845,0.0002
From scratch,48548548548.548546,0.0002
From scratch,48648648648.64865,0.0002
From scratch,48748748748.74875,0.0002
From scratch,48848848848.84885,0.0002
From scratch,48948948948.94895,0.0002
From scratch,49049049049.04905,0.0002
From scratch,49149149149.149155,0.0002
From scratch,49249249249.24925,0.0002
From scratch,49349349349.34935,0.0002
From scratch,49449449449.44945,0.0002
From scratch,49549549549.549545,0.0002
From scratch,49649649649.64965,0.0002
From scratch,49749749749.74975,0.0002
From scratch,49849849849.849846,0.0002
From scratch,49949949949.94995,0.0002
From scratch,50050050050.05006,0.0002
From scratch,50150150150.150154,0.0002
From scratch,50250250250.25025,0.0002
From scratch,50350350350.35035,0.0002
From scratch,50450450450.45045,0.0002
From scratch,50550550550.55055,0.0002
From scratch,50650650650.65065,0.0002
From scratch,50750750750.75075,0.0002
From scratch,50850850850.850845,0.0002
From scratch,50950950950.95094,0.0002
From scratch,51051051051.051056,0.0002
From scratch,51151151151.15115,0.0002
From scratch,51251251251.25125,0.0002
From scratch,51351351351.35135,0.0002
From scratch,51451451451.45145,0.0002
From scratch,51551551551.55155,0.0002
From scratch,51651651651.65165,0.0002
From scratch,51751751751.751755,0.0002
From scratch,51851851851.85185,0.0002
From scratch,51951951951.95195,0.0002
From scratch,52052052052.052055,0.0002
From scratch,52152152152.15215,0.0002
From scratch,52252252252.25225,0.0002
From scratch,52352352352.35235,0.0002
From scratch,52452452452.452446,0.0002
From scratch,52552552552.55256,0.0002
From scratch,52652652652.65266,0.0002
From scratch,52752752752.752754,0.0002
From scratch,52852852852.85285,0.0002
From scratch,52952952952.95295,0.0002
From scratch,53053053053.053055,0.0002
From scratch,53153153153.15315,0.0002
From scratch,53253253253.25325,0.0002
From scratch,53353353353.35335,0.0002
From scratch,53453453453.45346,0.0002
From scratch,53553553553.55356,0.0002
From scratch,53653653653.653656,0.0002
From scratch,53753753753.75375,0.0002
From scratch,53853853853.85385,0.0002
From scratch,53953953953.95396,0.0002
From scratch,54054054054.054054,0.0002
From scratch,54154154154.15415,0.0002
From scratch,54254254254.25425,0.0002
From scratch,54354354354.35435,0.0002
From scratch,54454454454.45446,0.0002
From scratch,54554554554.55456,0.0002
From scratch,54654654654.654655,0.0002
From scratch,54754754754.75475,0.0002
From scratch,54854854854.85485,0.0002
From scratch,54954954954.954956,0.0002
From scratch,55055055055.05506,0.0002
From scratch,55155155155.15516,0.0002
From scratch,55255255255.25526,0.0002
From scratch,55355355355.355354,0.0002
From scratch,55455455455.45546,0.0002
From scratch,55555555555.55556,0.0002
From scratch,55655655655.655655,0.0002
From scratch,55755755755.75575,0.0002
From scratch,55855855855.85585,0.0002
From scratch,55955955955.95596,0.0002
From scratch,56056056056.05606,0.0002
From scratch,56156156156.15616,0.0002
From scratch,56256256256.256256,0.0002
From scratch,56356356356.35635,0.0002
From scratch,56456456456.45646,0.0002
From scratch,56556556556.55656,0.0002
From scratch,56656656656.656654,0.0002
From scratch,56756756756.75675,0.0002
From scratch,56856856856.85685,0.0002
From scratch,56956956956.95696,0.0002
From scratch,57057057057.05706,0.0002
From scratch,57157157157.15716,0.0002
From scratch,57257257257.257256,0.0002
From scratch,57357357357.35735,0.0002
From scratch,57457457457.45746,0.0002
From scratch,57557557557.557556,0.0002
From scratch,57657657657.65765,0.0002
From scratch,57757757757.75775,0.0002
From scratch,57857857857.85785,0.0002
From scratch,57957957957.95796,0.0002
From scratch,58058058058.05806,0.0002
From scratch,58158158158.15816,0.0002
From scratch,58258258258.258255,0.0002
From scratch,58358358358.35835,0.0002
From scratch,58458458458.458466,0.0002
From scratch,58558558558.55856,0.0002
From scratch,58658658658.65866,0.0002
From scratch,58758758758.75876,0.0002
From scratch,58858858858.85886,0.0002
From scratch,58958958958.95896,0.0002
From scratch,59059059059.05906,0.0002
From scratch,59159159159.15916,0.0002
From scratch,59259259259.259254,0.0002
From scratch,59359359359.35935,0.0002
From scratch,59459459459.459465,0.0002
From scratch,59559559559.55956,0.0002
From scratch,59659659659.65966,0.0002
From scratch,59759759759.75976,0.0002
From scratch,59859859859.85986,0.0002
From scratch,59959959959.95996,0.0002
From scratch,60060060060.06006,0.0002
From scratch,60160160160.16016,0.0002
From scratch,60260260260.260254,0.0002
From scratch,60360360360.36037,0.0002
From scratch,60460460460.460464,0.0002
From scratch,60560560560.56056,0.0002
From scratch,60660660660.66066,0.0002
From scratch,60760760760.76076,0.0002
From scratch,60860860860.86086,0.0002
From scratch,60960960960.96096,0.0002
From scratch,61061061061.06106,0.0002
From scratch,61161161161.161156,0.0002
From scratch,61261261261.26126,0.0002
From scratch,61361361361.36137,0.0002
From scratch,61461461461.461464,0.0002
From scratch,61561561561.56156,0.0002
From scratch,61661661661.66166,0.0002
From scratch,61761761761.76176,0.0002
From scratch,61861861861.86187,0.0002
From scratch,61961961961.96197,0.0002
From scratch,62062062062.062065,0.0002
From scratch,62162162162.16216,0.0002
From scratch,62262262262.26226,0.0002
From scratch,62362362362.362366,0.0002
From scratch,62462462462.46246,0.0002
From scratch,62562562562.56256,0.0002
From scratch,62662662662.66266,0.0002
From scratch,62762762762.76276,0.0002
From scratch,62862862862.86287,0.0002
From scratch,62962962962.96297,0.0002
From scratch,63063063063.063065,0.0002
From scratch,63163163163.16316,0.0002
From scratch,63263263263.26326,0.0002
From scratch,63363363363.363365,0.0002
From scratch,63463463463.46346,0.0002
From scratch,63563563563.56356,0.0002
From scratch,63663663663.66366,0.0002
From scratch,63763763763.763756,0.0002
From scratch,63863863863.86387,0.0002
From scratch,63963963963.96397,0.0002
From scratch,64064064064.064064,0.0002
From scratch,64164164164.16416,0.0002
From scratch,64264264264.26426,0.0002
From scratch,64364364364.364365,0.0002
From scratch,64464464464.46446,0.0002
From scratch,64564564564.56457,0.0002
From scratch,64664664664.664665,0.0002
From scratch,64764764764.76476,0.0002
From scratch,64864864864.86487,0.0002
From scratch,64964964964.964966,0.0002
From scratch,65065065065.06506,0.0002
From scratch,65165165165.16516,0.0002
From scratch,65265265265.26526,0.0002
From scratch,65365365365.36537,0.0002
From scratch,65465465465.46547,0.0002
From scratch,65565565565.56557,0.0002
From scratch,65665665665.665665,0.0002
From scratch,65765765765.76577,0.0002
From scratch,65865865865.86587,0.0002
From scratch,65965965965.965965,0.0002
From scratch,66066066066.06606,0.0002
From scratch,66166166166.16616,0.0002
From scratch,66266266266.26627,0.0002
From scratch,66366366366.36637,0.0002
From scratch,66466466466.46647,0.0002
From scratch,66566566566.56657,0.0002
From scratch,66666666666.666664,0.0002
From scratch,66766766766.76677,0.0002
From scratch,66866866866.86687,0.0002
From scratch,66966966966.966965,0.0002
From scratch,67067067067.06706,0.0002
From scratch,67167167167.16716,0.0002
From scratch,67267267267.26727,0.0002
From scratch,67367367367.36737,0.0002
From scratch,67467467467.46747,0.0002
From scratch,67567567567.567566,0.0002
From scratch,67667667667.66766,0.0002
From scratch,67767767767.76777,0.0002
From scratch,67867867867.867874,0.0002
From scratch,67967967967.96797,0.0002
From scratch,68068068068.06807,0.0002
From scratch,68168168168.16817,0.0002
From scratch,68268268268.26827,0.0002
From scratch,68368368368.36837,0.0002
From scratch,68468468468.46847,0.0002
From scratch,68568568568.568565,0.0002
From scratch,68668668668.66866,0.0002
From scratch,68768768768.76877,0.0002
From scratch,68868868868.86887,0.0002
From scratch,68968968968.96896,0.0002
From scratch,69069069069.06906,0.0002
From scratch,69169169169.16916,0.0002
From scratch,69269269269.26927,0.0002
From scratch,69369369369.36937,0.0002
From scratch,69469469469.46947,0.0002
From scratch,69569569569.56956,0.0002
From scratch,69669669669.66966,0.0002
From scratch,69769769769.76978,0.0002
From scratch,69869869869.86987,0.0002
From scratch,69969969969.96997,0.0002
From scratch,70070070070.07007,0.0002
From scratch,70170170170.17017,0.0002
From scratch,70270270270.27028,0.0002
From scratch,70370370370.37038,0.0002
From scratch,70470470470.47047,0.0002
From scratch,70570570570.57057,0.0002
From scratch,70670670670.67067,0.0002
From scratch,70770770770.77077,0.0002
From scratch,70870870870.87086,0.0002
From scratch,70970970970.97098,0.0002
From scratch,71071071071.07108,0.0002
From scratch,71171171171.17117,0.0002
From scratch,71271271271.27127,0.0002
From scratch,71371371371.37137,0.0002
From scratch,71471471471.47147,0.0002
From scratch,71571571571.57156,0.0002
From scratch,71671671671.67166,0.0002
From scratch,71771771771.77177,0.0002
From scratch,71871871871.87187,0.0002
From scratch,71971971971.97197,0.0002
From scratch,72072072072.07207,0.0002
From scratch,72172172172.17218,0.0002
From scratch,72272272272.27228,0.0002
From scratch,72372372372.37238,0.0002
From scratch,72472472472.47247,0.0002
From scratch,72572572572.57257,0.0002
From scratch,72672672672.67268,0.0002
From scratch,72772772772.77278,0.0002
From scratch,72872872872.87288,0.0002
From scratch,72972972972.97298,0.0002
From scratch,73073073073.07307,0.0002
From scratch,73173173173.17317,0.0002
From scratch,73273273273.27327,0.0002
From scratch,73373373373.37337,0.0002
From scratch,73473473473.47346,0.0002
From scratch,73573573573.57356,0.0002
From scratch,73673673673.67368,0.0002
From scratch,73773773773.77377,0.0002
From scratch,73873873873.87387,0.0002
From scratch,73973973973.97397,0.0002
From scratch,74074074074.07407,0.0002
From scratch,74174174174.17418,0.0002
From scratch,74274274274.27428,0.0002
From scratch,74374374374.37437,0.0002
From scratch,74474474474.47447,0.0002
From scratch,74574574574.57457,0.0002
From scratch,74674674674.67468,0.0002
From scratch,74774774774.77478,0.0002
From scratch,74874874874.87488,0.0002
From scratch,74974974974.97498,0.0002
From scratch,75075075075.07507,0.0002
From scratch,75175175175.17519,0.0002
From scratch,75275275275.27528,0.0002
From scratch,75375375375.37538,0.0002
From scratch,75475475475.47548,0.0002
From scratch,75575575575.57558,0.0002
From scratch,75675675675.67567,0.0002
From scratch,75775775775.77577,0.0002
From scratch,75875875875.87587,0.0002
From scratch,75975975975.97597,0.0002
From scratch,76076076076.07607,0.0002
From scratch,76176176176.17618,0.0002
From scratch,76276276276.27628,0.0002
From scratch,76376376376.37637,0.0002
From scratch,76476476476.47647,0.0002
From scratch,76576576576.57657,0.0002
From scratch,76676676676.67668,0.0002
From scratch,76776776776.77678,0.0002
From scratch,76876876876.87688,0.0002
From scratch,76976976976.97697,0.0002
From scratch,77077077077.07707,0.0002
From scratch,77177177177.17719,0.0002
From scratch,77277277277.27728,0.0002
From scratch,77377377377.37738,0.0002
From scratch,77477477477.47748,0.0002
From scratch,77577577577.57758,0.0002
From scratch,77677677677.67769,0.0002
From scratch,77777777777.77779,0.0002
From scratch,77877877877.87788,0.0002
From scratch,77977977977.97798,0.0002
From scratch,78078078078.07808,0.0002
From scratch,78178178178.17818,0.0002
From scratch,78278278278.27827,0.0002
From scratch,78378378378.37837,0.0002
From scratch,78478478478.47847,0.0002
From scratch,78578578578.57858,0.0002
From scratch,78678678678.67868,0.0002
From scratch,78778778778.77878,0.0002
From scratch,78878878878.87888,0.0002
From scratch,78978978978.97897,0.0002
From scratch,79079079079.07909,0.0002
From scratch,79179179179.17918,0.0002
From scratch,79279279279.27928,0.0002
From scratch,79379379379.37938,0.0002
From scratch,79479479479.47948,0.0002
From scratch,79579579579.57959,0.0002
From scratch,79679679679.67969,0.0002
From scratch,79779779779.77979,0.0002
From scratch,79879879879.87988,0.0002
From scratch,79979979979.97998,0.0002
From scratch,80080080080.08008,0.0002
From scratch,80180180180.18018,0.0002
From scratch,80280280280.28027,0.0002
From scratch,80380380380.38037,0.0002
From scratch,80480480480.48047,0.0002
From scratch,80580580580.58058,0.0002
From scratch,80680680680.68068,0.0002
From scratch,80780780780.78078,0.0002
From scratch,80880880880.88087,0.0002
From scratch,80980980980.98097,0.0002
From scratch,81081081081.08109,0.0002
From scratch,81181181181.18118,0.0002
From scratch,81281281281.28128,0.0002
From scratch,81381381381.38138,0.0002
From scratch,81481481481.48148,0.0002
From scratch,81581581581.58159,0.0002
From scratch,81681681681.68169,0.0002
From scratch,81781781781.78178,0.0002
From scratch,81881881881.88188,0.0002
From scratch,81981981981.98198,0.0002
From scratch,82082082082.08209,0.0002
From scratch,82182182182.18219,0.0002
From scratch,82282282282.28229,0.0002
From scratch,82382382382.38239,0.0002
From scratch,82482482482.48248,0.0002
From scratch,82582582582.58258,0.0002
From scratch,82682682682.68268,0.0002
From scratch,82782782782.78278,0.0002
From scratch,82882882882.88287,0.0002
From scratch,82982982982.98297,0.0002
From scratch,83083083083.08308,0.0002
From scratch,83183183183.18318,0.0002
From scratch,83283283283.28328,0.0002
From scratch,83383383383.38338,0.0002
From scratch,83483483483.48347,0.0002
From scratch,83583583583.58359,0.0002
From scratch,83683683683.68369,0.0002
From scratch,83783783783.78378,0.0002
From scratch,83883883883.88388,0.0002
From scratch,83983983983.98398,0.0002
From scratch,84084084084.08409,0.0002
From scratch,84184184184.18419,0.0002
From scratch,84284284284.28429,0.0002
From scratch,84384384384.38438,0.0002
From scratch,84484484484.4845,0.0002
From scratch,84584584584.5846,0.0002
From scratch,84684684684.6847,0.0002
From scratch,84784784784.78479,0.0002
From scratch,84884884884.88489,0.0002
From scratch,84984984984.98499,0.0002
From scratch,85085085085.08508,0.0001988655321988655
From scratch,85185185185.18518,0.00019753086419753085
From scratch,85285285285.28528,0.00019619619619619621
From scratch,85385385385.38538,0.00019486152819486158
From scratch,85485485485.48549,0.00019352686019352678
From scratch,85585585585.58559,0.00019219219219219214
From scratch,85685685685.68568,0.0001908575241908575
From scratch,85785785785.78578,0.00018952285618952286
From scratch,85885885885.88588,0.00018818818818818823
From scratch,85985985985.986,0.00018685352018685343
From scratch,86086086086.08609,0.0001855188521855188
From scratch,86186186186.18619,0.00018418418418418418
From scratch,86286286286.28629,0.00018284951618284954
From scratch,86386386386.38638,0.0001815148481815149
From scratch,86486486486.4865,0.0001801801801801801
From scratch,86586586586.5866,0.00017884551217884546
From scratch,86686686686.68669,0.00017751084417751083
From scratch,86786786786.78679,0.0001761761761761762
From scratch,86886886886.88689,0.00017484150817484155
From scratch,86986986986.98698,0.00017350684017350675
From scratch,87087087087.08708,0.0001721721721721721
From scratch,87187187187.1872,0.00017083750417083748
From scratch,87287287287.2873,0.00016950283616950284
From scratch,87387387387.38739,0.0001681681681681682
From scratch,87487487487.48749,0.00016683350016683343
From scratch,87587587587.58759,0.0001654988321654988
From scratch,87687687687.68768,0.00016416416416416415
From scratch,87787787787.78778,0.0001628294961628295
From scratch,87887887887.88788,0.00016149482816149488
From scratch,87987987987.98799,0.00016016016016016008
From scratch,88088088088.08809,0.00015882549215882544
From scratch,88188188188.18819,0.0001574908241574908
From scratch,88288288288.28828,0.00015615615615615616
From scratch,88388388388.38838,0.00015482148815482152
From scratch,88488488488.4885,0.00015348682015348675
From scratch,88588588588.5886,0.0001521521521521521
From scratch,88688688688.68869,0.00015081748415081748
From scratch,88788788788.78879,0.00014948281614948284
From scratch,88888888888.88889,0.0001481481481481482
From scratch,88988988988.989,0.00014681348014681343
From scratch,89089089089.0891,0.0001454788121454788
From scratch,89189189189.1892,0.00014414414414414415
From scratch,89289289289.28929,0.00014280947614280951
From scratch,89389389389.38939,0.00014147480814147488
From scratch,89489489489.48949,0.00014014014014014008
From scratch,89589589589.58958,0.00013880547213880544
From scratch,89689689689.68968,0.0001374708041374708
From scratch,89789789789.78978,0.00013613613613613616
From scratch,89889889889.88988,0.00013480146813480153
From scratch,89989989989.98999,0.00013346680013346672
From scratch,90090090090.09009,0.0001321321321321321
From scratch,90190190190.19019,0.00013079746413079745
From scratch,90290290290.29028,0.0001294627961294628
From scratch,90390390390.39038,0.00012812812812812817
From scratch,90490490490.4905,0.0001267934601267934
From scratch,90590590590.59059,0.00012545879212545876
From scratch,90690690690.69069,0.00012412412412412413
From scratch,90790790790.79079,0.0001227894561227895
From scratch,90890890890.8909,0.0001214547881214547
From scratch,90990990990.991,0.00012012012012012006
From scratch,91091091091.0911,0.00011878545211878543
From scratch,91191191191.1912,0.00011745078411745079
From scratch,91291291291.29129,0.00011611611611611615
From scratch,91391391391.3914,0.00011478144811478135
From scratch,91491491491.4915,0.00011344678011344671
From scratch,91591591591.5916,0.00011211211211211207
From scratch,91691691691.6917,0.00011077744411077744
From scratch,91791791791.7918,0.0001094427761094428
From scratch,91891891891.89189,0.00010810810810810803
From scratch,91991991991.99199,0.00010677344010677339
From scratch,92092092092.09209,0.00010543877210543875
From scratch,92192192192.19218,0.00010410410410410411
From scratch,92292292292.29228,0.00010276943610276947
From scratch,92392392392.3924,0.0001014347681014347
From scratch,92492492492.4925,0.00010010010010010006
From scratch,92592592592.59259,9.876543209876541e-05
From scratch,92692692692.69269,9.743076409743078e-05
From scratch,92792792792.79279,9.609609609609614e-05
From scratch,92892892892.8929,9.476142809476136e-05
From scratch,92992992992.993,9.342676009342673e-05
From scratch,93093093093.0931,9.209209209209209e-05
From scratch,93193193193.19319,9.075742409075745e-05
From scratch,93293293293.29329,8.942275608942281e-05
From scratch,93393393393.3934,8.808808808808801e-05
From scratch,93493493493.4935,8.675342008675338e-05
From scratch,93593593593.5936,8.541875208541874e-05
From scratch,93693693693.6937,8.40840840840841e-05
From scratch,93793793793.7938,8.274941608274946e-05
From scratch,93893893893.8939,8.141474808141468e-05
From scratch,93993993993.994,8.008008008008004e-05
From scratch,94094094094.0941,7.87454120787454e-05
From scratch,94194194194.1942,7.741074407741076e-05
From scratch,94294294294.2943,7.607607607607612e-05
From scratch,94394394394.3944,7.474140807474135e-05
From scratch,94494494494.49449,7.340674007340671e-05
From scratch,94594594594.59459,7.207207207207208e-05
From scratch,94694694694.69469,7.073740407073744e-05
From scratch,94794794794.79478,6.94027360694028e-05
From scratch,94894894894.8949,6.8068068068068e-05
From scratch,94994994994.995,6.673340006673336e-05
From scratch,95095095095.0951,6.539873206539872e-05
From scratch,95195195195.19519,6.406406406406409e-05
From scratch,95295295295.29529,6.272939606272945e-05
From scratch,95395395395.3954,6.139472806139468e-05
From scratch,95495495495.4955,6.006006006006004e-05
From scratch,95595595595.5956,5.87253920587254e-05
From scratch,95695695695.6957,5.739072405739076e-05
From scratch,95795795795.79579,5.6056056056056125e-05
From scratch,95895895895.8959,5.472138805472133e-05
From scratch,95995995995.996,5.3386720053386694e-05
From scratch,96096096096.0961,5.2052052052052056e-05
From scratch,96196196196.1962,5.071738405071742e-05
From scratch,96296296296.2963,4.938271604938278e-05
From scratch,96396396396.3964,4.804804804804799e-05
From scratch,96496496496.49649,4.671338004671335e-05
From scratch,96596596596.59659,4.537871204537871e-05
From scratch,96696696696.6967,4.4044044044044074e-05
From scratch,96796796796.7968,4.2709376042709437e-05
From scratch,96896896896.8969,4.137470804137466e-05
From scratch,96996996996.997,4.0040040040040026e-05
From scratch,97097097097.09709,3.870537203870539e-05
From scratch,97197197197.19719,3.737070403737075e-05
From scratch,97297297297.2973,3.603603603603596e-05
From scratch,97397397397.3974,3.470136803470132e-05
From scratch,97497497497.4975,3.336670003336668e-05
From scratch,97597597597.5976,3.2032032032032044e-05
From scratch,97697697697.6977,3.0697364030697406e-05
From scratch,97797797797.7978,2.9362696029362612e-05
From scratch,97897897897.8979,2.8028028028027975e-05
From scratch,97997997997.998,2.6693360026693337e-05
From scratch,98098098098.0981,2.53586920253587e-05
From scratch,98198198198.1982,2.4024024024024082e-05
From scratch,98298298298.29831,2.2689356022689288e-05
From scratch,98398398398.3984,2.135468802135465e-05
From scratch,98498498498.4985,2.0020020020020013e-05
From scratch,98598598598.5986,1.8685352018685375e-05
From scratch,98698698698.6987,1.7350684017350737e-05
From scratch,98798798798.7988,1.6016016016015944e-05
From scratch,98898898898.8989,1.4681348014681306e-05
From scratch,98998998998.999,1.3346680013346668e-05
From scratch,99099099099.09909,1.201201201201203e-05
From scratch,99199199199.19919,1.0677344010677393e-05
From scratch,99299299299.2993,9.342676009342621e-06
From scratch,99399399399.3994,8.008008008007984e-06
From scratch,99499499499.4995,6.673340006673345e-06
From scratch,99599599599.5996,5.3386720053387075e-06
From scratch,99699699699.69969,4.004004004004069e-06
From scratch,99799799799.7998,2.669336002669276e-06
From scratch,99899899899.8999,1.334668001334638e-06
From scratch,100000000000.0,0.0
