run,step,metric,value,stderr
Baseline,1000,ai2d_exact_match,0.2548575129533679,0.007843322436924496
Baseline,1000,average,0.27120689295763617,
Baseline,1000,average_rank,3.3,
Baseline,1000,chartqa_relaxed_overall,0.3308,0.009411906161401973
Baseline,1000,docvqa_val_anls,0.3528553494243383,0.005852289239342309
Baseline,1000,infovqa_val_anls,0.17320578642581314,0.006297063452679795
Baseline,1000,mme_total_score,977.4280712284914,
Baseline,1000,mmmu_val_mmmu_acc,0.25222,
Baseline,1000,mmstar_average,0.23215874078908072,
Baseline,1000,ocrbench_ocrbench_accuracy,0.286,
Baseline,1000,seedbench_seed_all,0.2563646470261256,
Baseline,1000,textvqa_val_exact_match,0.3024,0.00628900296642181
Baseline,2000,ai2d_exact_match,0.26295336787564766,0.007923526907377255
Baseline,2000,average,0.3202068275596269,
Baseline,2000,average_rank,3.1,
Baseline,2000,chartqa_relaxed_overall,0.4688,0.009982508912777261
Baseline,2000,docvqa_val_anls,0.4452261510942785,0.00614755494712251
Baseline,2000,infovqa_val_anls,0.1820547866557169,0.006217861455795791
Baseline,2000,mme_total_score,1049.3036214485794,
Baseline,2000,mmmu_val_mmmu_acc,0.24556,
Baseline,2000,mmstar_average,0.21305462434540698,
Baseline,2000,ocrbench_ocrbench_accuracy,0.395,
Baseline,2000,seedbench_seed_all,0.258532518065592,
Baseline,2000,textvqa_val_exact_match,0.41068000000000005,0.006697862330024289
Baseline,3000,ai2d_exact_match,0.25226683937823835,0.007816909588794397
Baseline,3000,average,0.3507423834414229,
Baseline,3000,average_rank,2.6,
Baseline,3000,chartqa_relaxed_overall,0.5028,0.010001843767601082
Baseline,3000,docvqa_val_anls,0.502653993831009,0.006267072346683124
Baseline,3000,infovqa_val_anls,0.21728617578189535,0.006796941784959762
Baseline,3000,mme_total_score,1170.2383953581434,
Baseline,3000,mmmu_val_mmmu_acc,0.27556,
Baseline,3000,mmstar_average,0.25432376938577683,
Baseline,3000,ocrbench_ocrbench_accuracy,0.436,
Baseline,3000,seedbench_seed_all,0.2792106725958866,
Baseline,3000,textvqa_val_exact_match,0.43658,0.006766885462882726
Baseline,4000,ai2d_exact_match,0.2645725388601036,0.007939149662089447
Baseline,4000,average,0.36961781722974835,
Baseline,4000,average_rank,3.2,
Baseline,4000,chartqa_relaxed_overall,0.5312,0.009982508912777261
Baseline,4000,docvqa_val_anls,0.5374434618615119,0.0062905728113059655
Baseline,4000,infovqa_val_anls,0.2287924838861707,0.006994568698639919
Baseline,4000,mme_total_score,1155.203781512605,
Baseline,4000,mmmu_val_mmmu_acc,0.25556,
Baseline,4000,mmstar_average,0.2575590188757354,
Baseline,4000,ocrbench_ocrbench_accuracy,0.453,
Baseline,4000,seedbench_seed_all,0.33913285158421347,
Baseline,4000,textvqa_val_exact_match,0.4593,0.006791695475025738
Baseline,5000,ai2d_exact_match,0.3125,0.008342439145556371
Baseline,5000,average,0.3974627910380972,
Baseline,5000,average_rank,3.1,
Baseline,5000,chartqa_relaxed_overall,0.5488,0.00995424828018316
Baseline,5000,docvqa_val_anls,0.552360266782429,0.006300308519952055
Baseline,5000,infovqa_val_anls,0.23425555286643698,0.007002254622066442
Baseline,5000,mme_total_score,1181.4653861544618,
Baseline,5000,mmmu_val_mmmu_acc,0.26667,
Baseline,5000,mmstar_average,0.29596648146165705,
Baseline,5000,ocrbench_ocrbench_accuracy,0.462,
Baseline,5000,seedbench_seed_all,0.43107281823235133,
Baseline,5000,textvqa_val_exact_match,0.47354000000000007,0.0068172185364497985
Baseline,6000,ai2d_exact_match,0.358160621761658,0.008629463221867162
Baseline,6000,average,0.4161227404571003,
Baseline,6000,average_rank,2.9,
Baseline,6000,chartqa_relaxed_overall,0.5628,0.00992279440175477
Baseline,6000,docvqa_val_anls,0.5747451497228876,0.00625495440870239
Baseline,6000,infovqa_val_anls,0.22152017368968838,0.006604546680525351
Baseline,6000,mme_total_score,1284.1648659463785,
Baseline,6000,mmmu_val_mmmu_acc,0.27111,
Baseline,6000,mmstar_average,0.2978489412854164,
Baseline,6000,ocrbench_ocrbench_accuracy,0.495,
Baseline,6000,seedbench_seed_all,0.4795997776542524,
Baseline,6000,textvqa_val_exact_match,0.48432,0.006800535050670284
Baseline,7000,ai2d_exact_match,0.3707901554404145,0.00869347755587734
Baseline,7000,average,0.4291083177345374,
Baseline,7000,average_rank,2.4,
Baseline,7000,chartqa_relaxed_overall,0.5656,0.009915542506251351
Baseline,7000,docvqa_val_anls,0.5940907049431567,0.006224236305767187
Baseline,7000,infovqa_val_anls,0.2515675215816963,0.007105097396092786
Baseline,7000,mme_total_score,1185.875650260104,
Baseline,7000,mmmu_val_mmmu_acc,0.26556,
Baseline,7000,mmstar_average,0.31372400960777047,
Baseline,7000,ocrbench_ocrbench_accuracy,0.504,
Baseline,7000,seedbench_seed_all,0.4964424680377988,
Baseline,7000,textvqa_val_exact_match,0.5002,0.006794794025220267
Baseline,8000,ai2d_exact_match,0.37759067357512954,0.008725299846043883
Baseline,8000,average,0.43846759477995995,
Baseline,8000,average_rank,2.4,
Baseline,8000,chartqa_relaxed_overall,0.5832,0.009862556058385773
Baseline,8000,docvqa_val_anls,0.6017336419437208,0.006231612198089698
Baseline,8000,infovqa_val_anls,0.2449256624147254,0.006992518502948913
Baseline,8000,mme_total_score,1199.2409963985594,
Baseline,8000,mmmu_val_mmmu_acc,0.28111,
Baseline,8000,mmstar_average,0.33512257186205047,
Baseline,8000,ocrbench_ocrbench_accuracy,0.51,
Baseline,8000,seedbench_seed_all,0.5024458032240133,
Baseline,8000,textvqa_val_exact_match,0.51008,0.006796301690135059
Baseline,9000,ai2d_exact_match,0.4067357512953368,0.008841214921078996
Baseline,9000,average,0.4422510732201056,
Baseline,9000,average_rank,2.5,
Baseline,9000,chartqa_relaxed_overall,0.5912,0.009834211136815875
Baseline,9000,docvqa_val_anls,0.6170968481662739,0.00617235763542544
Baseline,9000,infovqa_val_anls,0.23537031288570615,0.00670318154156447
Baseline,9000,mme_total_score,1231.5195078031213,
Baseline,9000,mmmu_val_mmmu_acc,0.25889,
Baseline,9000,mmstar_average,0.3216444898242951,
Baseline,9000,ocrbench_ocrbench_accuracy,0.515,
Baseline,9000,seedbench_seed_all,0.5120622568093385,
Baseline,9000,textvqa_val_exact_match,0.52226,0.006792711289708482
Baseline,10000,ai2d_exact_match,0.39993523316062174,0.008817096257082848
Baseline,10000,average,0.4523875703250908,
Baseline,10000,average_rank,2.3,
Baseline,10000,chartqa_relaxed_overall,0.5996,0.00980154906867574
Baseline,10000,docvqa_val_anls,0.6262613496433054,0.006147756371688175
Baseline,10000,infovqa_val_anls,0.263290074230132,0.007186788766942786
Baseline,10000,mme_total_score,1240.8218287314926,
Baseline,10000,mmmu_val_mmmu_acc,0.28778,
Baseline,10000,mmstar_average,0.32972717906018517,
Baseline,10000,ocrbench_ocrbench_accuracy,0.517,
Baseline,10000,seedbench_seed_all,0.5217342968315731,
Baseline,10000,textvqa_val_exact_match,0.5261600000000001,0.006785774843600811
Baseline,11000,ai2d_exact_match,0.422279792746114,0.008889771831066474
Baseline,11000,average,0.4561398159525099,
Baseline,11000,average_rank,2.6,
Baseline,11000,chartqa_relaxed_overall,0.6104,0.009755142291143075
Baseline,11000,docvqa_val_anls,0.6373130149166712,0.006128022584995044
Baseline,11000,infovqa_val_anls,0.24419378339723755,0.006897644885887063
Baseline,11000,mme_total_score,1322.9488795518205,
Baseline,11000,mmmu_val_mmmu_acc,0.27778,
Baseline,11000,mmstar_average,0.3298563439522548,
Baseline,11000,ocrbench_ocrbench_accuracy,0.521,
Baseline,11000,seedbench_seed_all,0.5237354085603113,
Baseline,11000,textvqa_val_exact_match,0.5387,0.006770851562852138
Baseline,12000,ai2d_exact_match,0.42001295336787564,0.008883255931688034
Baseline,12000,average,0.4582751140055433,
Baseline,12000,average_rank,2.7,
Baseline,12000,chartqa_relaxed_overall,0.618,0.009719474639861454
Baseline,12000,docvqa_val_anls,0.6393961983751871,0.0061228747388476674
Baseline,12000,infovqa_val_anls,0.24798874058574302,0.006855374548993139
Baseline,12000,mme_total_score,1225.6453581432572,
Baseline,12000,mmmu_val_mmmu_acc,0.27889,
Baseline,12000,mmstar_average,0.34010867846816534,
Baseline,12000,ocrbench_ocrbench_accuracy,0.512,
Baseline,12000,seedbench_seed_all,0.5350194552529183,
Baseline,12000,textvqa_val_exact_match,0.5330600000000001,0.006777713092109446
Baseline,13000,ai2d_exact_match,0.4375,0.008928571428571428
Baseline,13000,average,0.4692868662590049,
Baseline,13000,average_rank,2.6,
Baseline,13000,chartqa_relaxed_overall,0.6148,0.00973479791861169
Baseline,13000,docvqa_val_anls,0.6511374872549951,0.006086953065248391
Baseline,13000,infovqa_val_anls,0.24465055100441893,0.006808432538374664
Baseline,13000,mme_total_score,1281.7122849139657,
Baseline,13000,mmmu_val_mmmu_acc,0.28222,
Baseline,13000,mmstar_average,0.3453069542917521,
Baseline,13000,ocrbench_ocrbench_accuracy,0.549,
Baseline,13000,seedbench_seed_all,0.5442468037798777,
Baseline,13000,textvqa_val_exact_match,0.55472,0.0067416788982325
Baseline,14000,ai2d_exact_match,0.4572538860103627,0.00896620675297095
Baseline,14000,average,0.47352486841689195,
Baseline,14000,average_rank,2.5,
Baseline,14000,chartqa_relaxed_overall,0.6172,0.009723347231923635
Baseline,14000,docvqa_val_anls,0.6502269393708169,0.006057950730638126
Baseline,14000,infovqa_val_anls,0.25805460837190913,0.007037735231659539
Baseline,14000,mme_total_score,1309.1444577831132,
Baseline,14000,mmmu_val_mmmu_acc,0.28111,
Baseline,14000,mmstar_average,0.34575818188776586,
Baseline,14000,ocrbench_ocrbench_accuracy,0.551,
Baseline,14000,seedbench_seed_all,0.5483602001111729,
Baseline,14000,textvqa_val_exact_match,0.55276,0.006751206724612103
Baseline,15000,ai2d_exact_match,0.45045336787564766,0.008954861634252399
Baseline,15000,average,0.47878665012878824,
Baseline,15000,average_rank,2.1,
Baseline,15000,chartqa_relaxed_overall,0.612,0.009747841205275417
Baseline,15000,docvqa_val_anls,0.6621413031955148,0.006056838050222495
Baseline,15000,infovqa_val_anls,0.2706898598157733,0.007200315730154543
Baseline,15000,mme_total_score,1384.2171868747498,
Baseline,15000,mmmu_val_mmmu_acc,0.30222,
Baseline,15000,mmstar_average,0.35408135695920684,
Baseline,15000,ocrbench_ocrbench_accuracy,0.558,
Baseline,15000,seedbench_seed_all,0.5411339633129516,
Baseline,15000,textvqa_val_exact_match,0.5583600000000001,0.0067279027203879065
Baseline,16000,ai2d_exact_match,0.45077720207253885,0.008955440137395838
Baseline,16000,average,0.47665128022935843,
Baseline,16000,average_rank,2.3,
Baseline,16000,chartqa_relaxed_overall,0.632,0.00964715642305132
Baseline,16000,docvqa_val_anls,0.6709415729142987,0.005999818105621502
Baseline,16000,infovqa_val_anls,0.26050032542402035,0.006997451875879188
Baseline,16000,mme_total_score,1317.8491396558625,
Baseline,16000,mmmu_val_mmmu_acc,0.27556,
Baseline,16000,mmstar_average,0.33214333327093315,
Baseline,16000,ocrbench_ocrbench_accuracy,0.56,
Baseline,16000,seedbench_seed_all,0.5463590883824346,
Baseline,16000,textvqa_val_exact_match,0.56158,0.006723854754867398
Baseline,17000,ai2d_exact_match,0.45919689119170987,0.008969138793675545
Baseline,17000,average,0.4777141780162423,
Baseline,17000,average_rank,2.3,
Baseline,17000,chartqa_relaxed_overall,0.632,0.00964715642305132
Baseline,17000,docvqa_val_anls,0.6796338519136422,0.005948761388267941
Baseline,17000,infovqa_val_anls,0.28070956072505215,0.007298333094144192
Baseline,17000,mme_total_score,1381.9161664665867,
Baseline,17000,mmmu_val_mmmu_acc,0.27667,
Baseline,17000,mmstar_average,0.3370289492329521,
Baseline,17000,ocrbench_ocrbench_accuracy,0.519,
Baseline,17000,seedbench_seed_all,0.5510283490828238,
Baseline,17000,textvqa_val_exact_match,0.56416,0.006724830373229479
Baseline,18000,ai2d_exact_match,0.46567357512953367,0.008977921602780726
Baseline,18000,average,0.4819834595278701,
Baseline,18000,average_rank,2.5,
Baseline,18000,chartqa_relaxed_overall,0.6376,0.009615793331418735
Baseline,18000,docvqa_val_anls,0.6775884603912571,0.005972234236435759
Baseline,18000,infovqa_val_anls,0.27154318420389256,0.007164903131667027
Baseline,18000,mme_total_score,1336.922769107643,
Baseline,18000,mmmu_val_mmmu_acc,0.28667,
Baseline,18000,mmstar_average,0.34482796716566916,
Baseline,18000,ocrbench_ocrbench_accuracy,0.533,
Baseline,18000,seedbench_seed_all,0.5543079488604781,
Baseline,18000,textvqa_val_exact_match,0.5666399999999999,0.006713392287599574
Baseline,19000,ai2d_exact_match,0.4682642487046632,0.008981008686994101
Baseline,19000,average,0.4899006713916878,
Baseline,19000,average_rank,2.1,
Baseline,19000,chartqa_relaxed_overall,0.6444,0.009575809858898698
Baseline,19000,docvqa_val_anls,0.678226526479947,0.005970619221588814
Baseline,19000,infovqa_val_anls,0.26993847247278,0.0071348470764911525
Baseline,19000,mme_total_score,1406.6628651460583,
Baseline,19000,mmmu_val_mmmu_acc,0.28333,
Baseline,19000,mmstar_average,0.356220913822775,
Baseline,19000,ocrbench_ocrbench_accuracy,0.577,
Baseline,19000,seedbench_seed_all,0.554585881045025,
Baseline,19000,textvqa_val_exact_match,0.57714,0.0066918487914812905
≥2,1000,ai2d_exact_match,0.25647668393782386,0.007859644922870102
≥2,1000,average,0.27425088839708317,
≥2,1000,average_rank,3.6,
≥2,1000,chartqa_relaxed_overall,0.3528,0.009558734841217527
≥2,1000,docvqa_val_anls,0.3487177879998493,0.005772448136868996
≥2,1000,infovqa_val_anls,0.16953112470324783,0.006224999754409024
≥2,1000,mme_total_score,824.5716286514606,
≥2,1000,mmmu_val_mmmu_acc,0.26444,
≥2,1000,mmstar_average,0.22150750732637972,
≥2,1000,ocrbench_ocrbench_accuracy,0.277,
≥2,1000,seedbench_seed_all,0.24880489160644803,
≥2,1000,textvqa_val_exact_match,0.32898,0.006433157002732356
≥2,2000,ai2d_exact_match,0.2713730569948187,0.008003273563555614
≥2,2000,average,0.3170484430215563,
≥2,2000,average_rank,3.2,
≥2,2000,chartqa_relaxed_overall,0.4576,0.009965973321743335
≥2,2000,docvqa_val_anls,0.4397320562320007,0.006117658797669254
≥2,2000,infovqa_val_anls,0.19182235122159558,0.006445631136889586
≥2,2000,mme_total_score,943.4792917166867,
≥2,2000,mmmu_val_mmmu_acc,0.26222,
≥2,2000,mmstar_average,0.21467384792624822,
≥2,2000,ocrbench_ocrbench_accuracy,0.366,
≥2,2000,seedbench_seed_all,0.2464146748193441,
≥2,2000,textvqa_val_exact_match,0.40359999999999996,0.006696325571179395
≥2,3000,ai2d_exact_match,0.2801165803108808,0.008082248116182685
≥2,3000,average,0.34966771857538625,
≥2,3000,average_rank,2.8,
≥2,3000,chartqa_relaxed_overall,0.5228,0.009991596308834713
≥2,3000,docvqa_val_anls,0.4874772803745103,0.006201774677139367
≥2,3000,infovqa_val_anls,0.22283805188110828,0.00694062083381895
≥2,3000,mme_total_score,966.8010204081634,
≥2,3000,mmmu_val_mmmu_acc,0.27,
≥2,3000,mmstar_average,0.2379978992478856,
≥2,3000,ocrbench_ocrbench_accuracy,0.411,
≥2,3000,seedbench_seed_all,0.28337965536409115,
≥2,3000,textvqa_val_exact_match,0.4314,0.0067401404954778015
≥2,4000,ai2d_exact_match,0.29533678756476683,0.008210720304314063
≥2,4000,average,0.3812564539509352,
≥2,4000,average_rank,2.5,
≥2,4000,chartqa_relaxed_overall,0.5388,0.0099718403035556
≥2,4000,docvqa_val_anls,0.5330469699330452,0.006286693650476338
≥2,4000,infovqa_val_anls,0.24204946206609423,0.00717558288279668
≥2,4000,mme_total_score,995.9115646258504,
≥2,4000,mmmu_val_mmmu_acc,0.26667,
≥2,4000,mmstar_average,0.3026544157443715,
≥2,4000,ocrbench_ocrbench_accuracy,0.455,
≥2,4000,seedbench_seed_all,0.35881045025013897,
≥2,4000,textvqa_val_exact_match,0.43893999999999994,0.006772821384172211
≥2,5000,ai2d_exact_match,0.33711139896373055,0.008508219384896985
≥2,5000,average,0.4071218650285344,
≥2,5000,average_rank,2.3,
≥2,5000,chartqa_relaxed_overall,0.5668,0.009912336039617753
≥2,5000,docvqa_val_anls,0.564524028708337,0.0062521888936635335
≥2,5000,infovqa_val_anls,0.24496968712079598,0.007124175210142404
≥2,5000,mme_total_score,1015.9452781112445,
≥2,5000,mmmu_val_mmmu_acc,0.27889,
≥2,5000,mmstar_average,0.28054619519991103,
≥2,5000,ocrbench_ocrbench_accuracy,0.489,
≥2,5000,seedbench_seed_all,0.43985547526403557,
≥2,5000,textvqa_val_exact_match,0.4624,0.006784220893413342
≥2,6000,ai2d_exact_match,0.35103626943005184,0.008590489143063932
≥2,6000,average,0.4121891443057646,
≥2,6000,average_rank,3.0,
≥2,6000,chartqa_relaxed_overall,0.5768,0.009883307943718245
≥2,6000,docvqa_val_anls,0.5776287354366231,0.0062230020803370695
≥2,6000,infovqa_val_anls,0.2221908019883868,0.006590859192234515
≥2,6000,mme_total_score,1020.3381352541016,
≥2,6000,mmmu_val_mmmu_acc,0.28,
≥2,6000,mmstar_average,0.27381767588792544,
≥2,6000,ocrbench_ocrbench_accuracy,0.488,
≥2,6000,seedbench_seed_all,0.46386881600889385,
≥2,6000,textvqa_val_exact_match,0.47636000000000006,0.006799814525081922
≥2,7000,ai2d_exact_match,0.37629533678756477,0.008719379877890883
≥2,7000,average,0.41852126487504937,
≥2,7000,average_rank,3.6,
≥2,7000,chartqa_relaxed_overall,0.5784,0.009878279615563902
≥2,7000,docvqa_val_anls,0.5890225700952161,0.00623482047941176
≥2,7000,infovqa_val_anls,0.223522004380568,0.006616105445267792
≥2,7000,mme_total_score,1017.6768707482994,
≥2,7000,mmmu_val_mmmu_acc,0.26444,
≥2,7000,mmstar_average,0.2842963864531179,
≥2,7000,ocrbench_ocrbench_accuracy,0.485,
≥2,7000,seedbench_seed_all,0.47915508615897723,
≥2,7000,textvqa_val_exact_match,0.48656000000000005,0.006793372009587883
≥2,8000,ai2d_exact_match,0.4015544041450777,0.008822998789014791
≥2,8000,average,0.43741617461905385,
≥2,8000,average_rank,2.7,
≥2,8000,chartqa_relaxed_overall,0.5868,0.009850132691777215
≥2,8000,docvqa_val_anls,0.6064868329976114,0.006195078404871516
≥2,8000,infovqa_val_anls,0.237253715462471,0.006761266007987291
≥2,8000,mme_total_score,1051.3844537815125,
≥2,8000,mmmu_val_mmmu_acc,0.29556,
≥2,8000,mmstar_average,0.3249125644916164,
≥2,8000,ocrbench_ocrbench_accuracy,0.499,
≥2,8000,seedbench_seed_all,0.4964980544747082,
≥2,8000,textvqa_val_exact_match,0.48868,0.006786367399168372
≥2,9000,ai2d_exact_match,0.40382124352331605,0.008831094143874315
≥2,9000,average,0.4404946424331453,
≥2,9000,average_rank,2.9,
≥2,9000,chartqa_relaxed_overall,0.6032,0.00978663452296623
≥2,9000,docvqa_val_anls,0.6121548768634689,0.0061762532067103386
≥2,9000,infovqa_val_anls,0.22182207634556947,0.006503514281737561
≥2,9000,mme_total_score,1016.1477591036414,
≥2,9000,mmmu_val_mmmu_acc,0.28222,
≥2,9000,mmstar_average,0.33800404653337934,
≥2,9000,ocrbench_ocrbench_accuracy,0.5,
≥2,9000,seedbench_seed_all,0.5051695386325736,
≥2,9000,textvqa_val_exact_match,0.49805999999999995,0.006801536551389838
≥2,10000,ai2d_exact_match,0.4258419689119171,0.00889962357526378
≥2,10000,average,0.45210592763811075,
≥2,10000,average_rank,2.3,
≥2,10000,chartqa_relaxed_overall,0.5944,0.009822120220107639
≥2,10000,docvqa_val_anls,0.6316361917189336,0.006144343697405114
≥2,10000,infovqa_val_anls,0.23913212463600403,0.0067351911105917
≥2,10000,mme_total_score,989.5969387755102,
≥2,10000,mmmu_val_mmmu_acc,0.29111,
≥2,10000,mmstar_average,0.3311992002187771,
≥2,10000,ocrbench_ocrbench_accuracy,0.524,
≥2,10000,seedbench_seed_all,0.5169538632573653,
≥2,10000,textvqa_val_exact_match,0.51468,0.006777646111841742
≥2,11000,ai2d_exact_match,0.42875647668393785,0.008907332750968604
≥2,11000,average,0.45881179587417986,
≥2,11000,average_rank,2.4,
≥2,11000,chartqa_relaxed_overall,0.6112,0.009751505562952713
≥2,11000,docvqa_val_anls,0.6351833269477972,0.006125490431617443
≥2,11000,infovqa_val_anls,0.23606787081800862,0.006703826515822327
≥2,11000,mme_total_score,1065.0292116846738,
≥2,11000,mmmu_val_mmmu_acc,0.29444,
≥2,11000,mmstar_average,0.3469301171004765,
≥2,11000,ocrbench_ocrbench_accuracy,0.534,
≥2,11000,seedbench_seed_all,0.5230683713173986,
≥2,11000,textvqa_val_exact_match,0.51966,0.006767766057679764
≥2,12000,ai2d_exact_match,0.4384715025906736,0.008930756993395149
≥2,12000,average,0.4594169631513685,
≥2,12000,average_rank,2.9,
≥2,12000,chartqa_relaxed_overall,0.604,0.009783245103435851
≥2,12000,docvqa_val_anls,0.6404649164504777,0.006108516485005316
≥2,12000,infovqa_val_anls,0.24399960384251437,0.006798095411909792
≥2,12000,mme_total_score,1071.3268307322928,
≥2,12000,mmmu_val_mmmu_acc,0.28,
≥2,12000,mmstar_average,0.3319074070128363,
≥2,12000,ocrbench_ocrbench_accuracy,0.535,
≥2,12000,seedbench_seed_all,0.5326292384658143,
≥2,12000,textvqa_val_exact_match,0.52828,0.006774867385094495
≥2,13000,ai2d_exact_match,0.4494818652849741,0.008953103134587205
≥2,13000,average,0.4664204868584231,
≥2,13000,average_rank,2.9,
≥2,13000,chartqa_relaxed_overall,0.6072,0.00976941352263433
≥2,13000,docvqa_val_anls,0.6520830792564345,0.006078195885582825
≥2,13000,infovqa_val_anls,0.2540091405377872,0.006900079046632844
≥2,13000,mme_total_score,1102.111644657863,
≥2,13000,mmmu_val_mmmu_acc,0.27889,
≥2,13000,mmstar_average,0.344523865295862,
≥2,13000,ocrbench_ocrbench_accuracy,0.544,
≥2,13000,seedbench_seed_all,0.5375764313507504,
≥2,13000,textvqa_val_exact_match,0.5300199999999999,0.006760687930991938
≥2,14000,ai2d_exact_match,0.46599740932642486,0.008978320789223167
≥2,14000,average,0.47503952495924406,
≥2,14000,average_rank,2.1,
≥2,14000,chartqa_relaxed_overall,0.618,0.009719474639861454
≥2,14000,docvqa_val_anls,0.6580902962118945,0.006056507155937736
≥2,14000,infovqa_val_anls,0.2596815364895075,0.006931336614399575
≥2,14000,mme_total_score,1081.4191676670669,
≥2,14000,mmmu_val_mmmu_acc,0.29333,
≥2,14000,mmstar_average,0.34673893952588086,
≥2,14000,ocrbench_ocrbench_accuracy,0.547,
≥2,14000,seedbench_seed_all,0.5395775430794886,
≥2,14000,textvqa_val_exact_match,0.5469400000000001,0.006754557875273413
≥2,15000,ai2d_exact_match,0.46211139896373055,0.008973279520621462
≥2,15000,average,0.4760526986294352,
≥2,15000,average_rank,2.4,
≥2,15000,chartqa_relaxed_overall,0.628,0.009668701749325345
≥2,15000,docvqa_val_anls,0.6648088448329239,0.006037271631807744
≥2,15000,infovqa_val_anls,0.25795022333006473,0.006890072365188988
≥2,15000,mme_total_score,1089.547719087635,
≥2,15000,mmmu_val_mmmu_acc,0.28556,
≥2,15000,mmstar_average,0.3469607521668807,
≥2,15000,ocrbench_ocrbench_accuracy,0.552,
≥2,15000,seedbench_seed_all,0.5415230683713174,
≥2,15000,textvqa_val_exact_match,0.5455599999999999,0.006760798692446918
≥2,16000,ai2d_exact_match,0.45919689119170987,0.008969138793675547
≥2,16000,average,0.47749499404431844,
≥2,16000,average_rank,2.6,
≥2,16000,chartqa_relaxed_overall,0.6308,0.009653694708691147
≥2,16000,docvqa_val_anls,0.6761390499297608,0.005978202784466009
≥2,16000,infovqa_val_anls,0.258655084903391,0.006852561120622793
≥2,16000,mme_total_score,1131.8199279711885,
≥2,16000,mmmu_val_mmmu_acc,0.28111,
≥2,16000,mmstar_average,0.3465829809632207,
≥2,16000,ocrbench_ocrbench_accuracy,0.55,
≥2,16000,seedbench_seed_all,0.5436909394107837,
≥2,16000,textvqa_val_exact_match,0.55128,0.00673284030314915
≥2,17000,ai2d_exact_match,0.47053108808290156,0.008983510489560252
≥2,17000,average,0.4824112637913165,
≥2,17000,average_rank,2.5,
≥2,17000,chartqa_relaxed_overall,0.6264,0.009677121197436144
≥2,17000,docvqa_val_anls,0.6761198524404004,0.005987381973810974
≥2,17000,infovqa_val_anls,0.2750604377713151,0.007138932651224592
≥2,17000,mme_total_score,1029.6003401360545,
≥2,17000,mmmu_val_mmmu_acc,0.28667,
≥2,17000,mmstar_average,0.35096186353151126,
≥2,17000,ocrbench_ocrbench_accuracy,0.554,
≥2,17000,seedbench_seed_all,0.5486381322957199,
≥2,17000,textvqa_val_exact_match,0.55332,0.006735374419712295
≥2,18000,ai2d_exact_match,0.4682642487046632,0.008981008686994101
≥2,18000,average,0.48820815333600937,
≥2,18000,average_rank,2.0,
≥2,18000,chartqa_relaxed_overall,0.644,0.009578219924326623
≥2,18000,docvqa_val_anls,0.6810993351781675,0.005958907235334871
≥2,18000,infovqa_val_anls,0.26273964411171846,0.006970166334491144
≥2,18000,mme_total_score,1233.8152260904362,
≥2,18000,mmmu_val_mmmu_acc,0.30889,
≥2,18000,mmstar_average,0.35081513813292553,
≥2,18000,ocrbench_ocrbench_accuracy,0.578,
≥2,18000,seedbench_seed_all,0.5450250138966092,
≥2,18000,textvqa_val_exact_match,0.5550400000000001,0.006740445564002446
≥2,19000,ai2d_exact_match,0.48154145077720206,0.00899301968014488
≥2,19000,average,0.48747038725935266,
≥2,19000,average_rank,2.5,
≥2,19000,chartqa_relaxed_overall,0.6444,0.009575809858898698
≥2,19000,docvqa_val_anls,0.6803936935190295,0.005967440848189623
≥2,19000,infovqa_val_anls,0.2673329802724793,0.006976813332121409
≥2,19000,mme_total_score,1179.0547218887555,
≥2,19000,mmmu_val_mmmu_acc,0.29556,
≥2,19000,mmstar_average,0.340879324078415,
≥2,19000,ocrbench_ocrbench_accuracy,0.562,
≥2,19000,seedbench_seed_all,0.5588660366870484,
≥2,19000,textvqa_val_exact_match,0.5562600000000001,0.006734421501999508
≥3,1000,ai2d_exact_match,0.2619818652849741,0.007914086941902848
≥3,1000,average,0.2794334029794183,
≥3,1000,average_rank,2.8,
≥3,1000,chartqa_relaxed_overall,0.3624,0.009615793331418735
≥3,1000,docvqa_val_anls,0.358726414254659,0.00583517632645742
≥3,1000,infovqa_val_anls,0.17567716068461908,0.0063503165333000855
≥3,1000,mme_total_score,754.6462585034014,
≥3,1000,mmmu_val_mmmu_acc,0.25889,
≥3,1000,mmstar_average,0.20669310209912864,
≥3,1000,ocrbench_ocrbench_accuracy,0.299,
≥3,1000,seedbench_seed_all,0.2537520844913841,
≥3,1000,textvqa_val_exact_match,0.33777999999999997,0.006462823526724795
≥3,2000,ai2d_exact_match,0.2707253886010363,0.007997269386750955
≥3,2000,average,0.324956811840241,
≥3,2000,average_rank,2.9,
≥3,2000,chartqa_relaxed_overall,0.468,0.009981495484186743
≥3,2000,docvqa_val_anls,0.4401305975808376,0.006085479161829202
≥3,2000,infovqa_val_anls,0.21738366907082515,0.00690560152820958
≥3,2000,mme_total_score,780.5238095238094,
≥3,2000,mmmu_val_mmmu_acc,0.25222,
≥3,2000,mmstar_average,0.2313413567013541,
≥3,2000,ocrbench_ocrbench_accuracy,0.386,
≥3,2000,seedbench_seed_all,0.2545302946081156,
≥3,2000,textvqa_val_exact_match,0.40428000000000003,0.006698634984990034
≥3,3000,ai2d_exact_match,0.27363989637305697,0.008024119445073188
≥3,3000,average,0.35281014111410386,
≥3,3000,average_rank,2.6,
≥3,3000,chartqa_relaxed_overall,0.5132,0.009998514495506157
≥3,3000,docvqa_val_anls,0.49578090596419144,0.0062540129206588675
≥3,3000,infovqa_val_anls,0.22472603379950587,0.006863330299819649
≥3,3000,mme_total_score,868.3095238095237,
≥3,3000,mmmu_val_mmmu_acc,0.27444,
≥3,3000,mmstar_average,0.25839301643603935,
≥3,3000,ocrbench_ocrbench_accuracy,0.409,
≥3,3000,seedbench_seed_all,0.2925514174541412,
≥3,3000,textvqa_val_exact_match,0.43356000000000006,0.006754959006110611
≥3,4000,ai2d_exact_match,0.28335492227979275,0.008110527983566214
≥3,4000,average,0.3674252373982893,
≥3,4000,average_rank,3.5,
≥3,4000,chartqa_relaxed_overall,0.5396,0.009970581778431997
≥3,4000,docvqa_val_anls,0.5289127945577605,0.006289931251894248
≥3,4000,infovqa_val_anls,0.21582133824627234,0.00674279410471775
≥3,4000,mme_total_score,889.4285714285714,
≥3,4000,mmmu_val_mmmu_acc,0.24556,
≥3,4000,mmstar_average,0.2644251965647028,
≥3,4000,ocrbench_ocrbench_accuracy,0.429,
≥3,4000,seedbench_seed_all,0.3471928849360756,
≥3,4000,textvqa_val_exact_match,0.45296000000000003,0.006791544205446865
≥3,5000,ai2d_exact_match,0.33516839378238344,0.008496088804445223
≥3,5000,average,0.39888444206353324,
≥3,5000,average_rank,3.2,
≥3,5000,chartqa_relaxed_overall,0.5716,0.009898917689756362
≥3,5000,docvqa_val_anls,0.5575899695261644,0.006265975659556661
≥3,5000,infovqa_val_anls,0.23013455835644483,0.0068368490116401705
≥3,5000,mme_total_score,985.1445578231293,
≥3,5000,mmmu_val_mmmu_acc,0.27111,
≥3,5000,mmstar_average,0.2946740552392133,
≥3,5000,ocrbench_ocrbench_accuracy,0.43,
≥3,5000,seedbench_seed_all,0.4254030016675931,
≥3,5000,textvqa_val_exact_match,0.4742799999999999,0.006788410183729657
≥3,6000,ai2d_exact_match,0.3601036269430052,0.008639731726372677
≥3,6000,average,0.4225217783490169,
≥3,6000,average_rank,2.1,
≥3,6000,chartqa_relaxed_overall,0.5752,0.009888230116554488
≥3,6000,docvqa_val_anls,0.5829205672304983,0.006247927399021504
≥3,6000,infovqa_val_anls,0.24796306866649032,0.007051352766215089
≥3,6000,mme_total_score,894.8299319727892,
≥3,6000,mmmu_val_mmmu_acc,0.28667,
≥3,6000,mmstar_average,0.32224643546402654,
≥3,6000,ocrbench_ocrbench_accuracy,0.466,
≥3,6000,seedbench_seed_all,0.4741523068371317,
≥3,6000,textvqa_val_exact_match,0.48744000000000004,0.006797771047795272
≥3,7000,ai2d_exact_match,0.39378238341968913,0.008793749766856823
≥3,7000,average,0.42775795560136004,
≥3,7000,average_rank,2.5,
≥3,7000,chartqa_relaxed_overall,0.5876,0.009847298295140926
≥3,7000,docvqa_val_anls,0.6000941606468793,0.006194010994352466
≥3,7000,infovqa_val_anls,0.24479859857192363,0.007060559159607034
≥3,7000,mme_total_score,876.7176870748299,
≥3,7000,mmmu_val_mmmu_acc,0.27222,
≥3,7000,mmstar_average,0.2977466801194958,
≥3,7000,ocrbench_ocrbench_accuracy,0.477,
≥3,7000,seedbench_seed_all,0.4795997776542524,
≥3,7000,textvqa_val_exact_match,0.49698000000000003,0.0067935120726511
≥3,8000,ai2d_exact_match,0.4057642487046632,0.008837877210720615
≥3,8000,average,0.43551031057375794,
≥3,8000,average_rank,2.9,
≥3,8000,chartqa_relaxed_overall,0.592,0.009831228876620145
≥3,8000,docvqa_val_anls,0.6177973292861353,0.006138014034823096
≥3,8000,infovqa_val_anls,0.23532628107457257,0.00676650636184475
≥3,8000,mme_total_score,939.6819727891157,
≥3,8000,mmmu_val_mmmu_acc,0.27444,
≥3,8000,mmstar_average,0.29094521403063506,
≥3,8000,ocrbench_ocrbench_accuracy,0.499,
≥3,8000,seedbench_seed_all,0.49949972206781545,
≥3,8000,textvqa_val_exact_match,0.5048199999999999,0.0067899465531651255
≥3,9000,ai2d_exact_match,0.40770725388601037,0.008844516803704298
≥3,9000,average,0.4390017474760467,
≥3,9000,average_rank,2.9,
≥3,9000,chartqa_relaxed_overall,0.5872,0.009848718845878486
≥3,9000,docvqa_val_anls,0.61752739984947,0.00618332088681346
≥3,9000,infovqa_val_anls,0.25912362264120503,0.007280015371693194
≥3,9000,mme_total_score,879.0001000400159,
≥3,9000,mmmu_val_mmmu_acc,0.27889,
≥3,9000,mmstar_average,0.31710081388716777,
≥3,9000,ocrbench_ocrbench_accuracy,0.475,
≥3,9000,seedbench_seed_all,0.503946637020567,
≥3,9000,textvqa_val_exact_match,0.5045200000000001,0.006796966505047244
≥3,10000,ai2d_exact_match,0.41580310880829013,0.008870644443998564
≥3,10000,average,0.4482767982697443,
≥3,10000,average_rank,3.1,
≥3,10000,chartqa_relaxed_overall,0.5948,0.009820578470976232
≥3,10000,docvqa_val_anls,0.632014816225421,0.006118052909783931
≥3,10000,infovqa_val_anls,0.26061122659986763,0.007146718031628882
≥3,10000,mme_total_score,988.3401360544218,
≥3,10000,mmmu_val_mmmu_acc,0.28556,
≥3,10000,mmstar_average,0.30861783045948943,
≥3,10000,ocrbench_ocrbench_accuracy,0.506,
≥3,10000,seedbench_seed_all,0.5155642023346303,
≥3,10000,textvqa_val_exact_match,0.5155200000000001,0.006789480490366388
≥3,11000,ai2d_exact_match,0.43944300518134716,0.0089329077973751
≥3,11000,average,0.4597510485723372,
≥3,11000,average_rank,2.5,
≥3,11000,chartqa_relaxed_overall,0.6092,0.009760545645634788
≥3,11000,docvqa_val_anls,0.6464425255299558,0.006062020581004778
≥3,11000,infovqa_val_anls,0.25020176764946855,0.006887224684938156
≥3,11000,mme_total_score,960.4336734693878,
≥3,11000,mmmu_val_mmmu_acc,0.28556,
≥3,11000,mmstar_average,0.3246843233372334,
≥3,11000,ocrbench_ocrbench_accuracy,0.523,
≥3,11000,seedbench_seed_all,0.5220678154530295,
≥3,11000,textvqa_val_exact_match,0.53716,0.006766105446753199
≥3,12000,ai2d_exact_match,0.44430051813471505,0.008943141268224502
≥3,12000,average,0.46138583256526733,
≥3,12000,average_rank,2.4,
≥3,12000,chartqa_relaxed_overall,0.6176,0.00972141442174665
≥3,12000,docvqa_val_anls,0.6470164139517766,0.006072800791453103
≥3,12000,infovqa_val_anls,0.25520554317365624,0.00698649679999368
≥3,12000,mme_total_score,907.6496598639455,
≥3,12000,mmmu_val_mmmu_acc,0.26889,
≥3,12000,mmstar_average,0.3420805959262021,
≥3,12000,ocrbench_ocrbench_accuracy,0.518,
≥3,12000,seedbench_seed_all,0.5269594219010562,
≥3,12000,textvqa_val_exact_match,0.53242,0.006773903296709706
≥3,13000,ai2d_exact_match,0.4523963730569948,0.00895827521082005
≥3,13000,average,0.46949309002333817,
≥3,13000,average_rank,2.4,
≥3,13000,chartqa_relaxed_overall,0.6212,0.009703704898413913
≥3,13000,docvqa_val_anls,0.6619667030411912,0.006021347175756138
≥3,13000,infovqa_val_anls,0.2616368936908815,0.007081151619852865
≥3,13000,mme_total_score,949.1751700680272,
≥3,13000,mmmu_val_mmmu_acc,0.29,
≥3,13000,mmstar_average,0.3366565952847893,
≥3,13000,ocrbench_ocrbench_accuracy,0.531,
≥3,13000,seedbench_seed_all,0.5342412451361868,
≥3,13000,textvqa_val_exact_match,0.5363399999999999,0.006781436312145912
≥3,14000,ai2d_exact_match,0.45466321243523317,0.008962083606139334
≥3,14000,average,0.4712975949864662,
≥3,14000,average_rank,2.7,
≥3,14000,chartqa_relaxed_overall,0.6264,0.009677121197436144
≥3,14000,docvqa_val_anls,0.6740908198240112,0.005957001035082802
≥3,14000,infovqa_val_anls,0.2577834440006994,0.006966195686343909
≥3,14000,mme_total_score,1001.2684073629453,
≥3,14000,mmmu_val_mmmu_acc,0.29333,
≥3,14000,mmstar_average,0.32549694865716267,
≥3,14000,ocrbench_ocrbench_accuracy,0.523,
≥3,14000,seedbench_seed_all,0.5330739299610895,
≥3,14000,textvqa_val_exact_match,0.55384,0.006735794315818514
≥3,15000,ai2d_exact_match,0.4540155440414508,0.008961014613274426
≥3,15000,average,0.47089632593243724,
≥3,15000,average_rank,3.0,
≥3,15000,chartqa_relaxed_overall,0.6308,0.009653694708691147
≥3,15000,docvqa_val_anls,0.6653892896567976,0.006002863596715536
≥3,15000,infovqa_val_anls,0.25006728644957676,0.006925310310812123
≥3,15000,mme_total_score,952.5915366146459,
≥3,15000,mmmu_val_mmmu_acc,0.28778,
≥3,15000,mmstar_average,0.321321405795528,
≥3,15000,ocrbench_ocrbench_accuracy,0.544,
≥3,15000,seedbench_seed_all,0.5401334074485825,
≥3,15000,textvqa_val_exact_match,0.5445599999999999,0.00676213180626591
≥3,16000,ai2d_exact_match,0.46113989637305697,0.008971933568013594
≥3,16000,average,0.4765857166360205,
≥3,16000,average_rank,2.7,
≥3,16000,chartqa_relaxed_overall,0.6292,0.00966231277258432
≥3,16000,docvqa_val_anls,0.6750185163043225,0.005960110331744373
≥3,16000,infovqa_val_anls,0.26628641470953346,0.007064079945590166
≥3,16000,mme_total_score,1021.2616046418567,
≥3,16000,mmmu_val_mmmu_acc,0.28889,
≥3,16000,mmstar_average,0.31529947948012893,
≥3,16000,ocrbench_ocrbench_accuracy,0.558,
≥3,16000,seedbench_seed_all,0.5428571428571428,
≥3,16000,textvqa_val_exact_match,0.5525800000000001,0.0067489094137982856
≥3,17000,ai2d_exact_match,0.46016839378238344,0.00897055333097463
≥3,17000,average,0.4767395382894575,
≥3,17000,average_rank,2.8,
≥3,17000,chartqa_relaxed_overall,0.636,0.009624897685803465
≥3,17000,docvqa_val_anls,0.6722259229035369,0.005969094115618876
≥3,17000,infovqa_val_anls,0.24935441742721265,0.006802032350689338
≥3,17000,mme_total_score,936.1445578231293,
≥3,17000,mmmu_val_mmmu_acc,0.28778,
≥3,17000,mmstar_average,0.3236027747499053,
≥3,17000,ocrbench_ocrbench_accuracy,0.557,
≥3,17000,seedbench_seed_all,0.547804335742079,
≥3,17000,textvqa_val_exact_match,0.55672,0.00673676815164555
≥3,18000,ai2d_exact_match,0.4637305699481865,0.008975446629055962
≥3,18000,average,0.48384455011990835,
≥3,18000,average_rank,2.5,
≥3,18000,chartqa_relaxed_overall,0.6448,0.009573392498878078
≥3,18000,docvqa_val_anls,0.6796365109602944,0.005968558973913562
≥3,18000,infovqa_val_anls,0.26322789951300113,0.0069935719047194405
≥3,18000,mme_total_score,1086.5858343337334,
≥3,18000,mmmu_val_mmmu_acc,0.29667,
≥3,18000,mmstar_average,0.32901024525469136,
≥3,18000,ocrbench_ocrbench_accuracy,0.568,
≥3,18000,seedbench_seed_all,0.5503057254030017,
≥3,18000,textvqa_val_exact_match,0.5592199999999999,0.006724703907870569
≥3,19000,ai2d_exact_match,0.47571243523316065,0.00898853090258662
≥3,19000,average,0.48669992125156075,
≥3,19000,average_rank,2.6,
≥3,19000,chartqa_relaxed_overall,0.6432,0.009583018193402223
≥3,19000,docvqa_val_anls,0.6804836987040075,0.005959667749728633
≥3,19000,infovqa_val_anls,0.2638534672767717,0.007026196725406296
≥3,19000,mme_total_score,960.3163265306122,
≥3,19000,mmmu_val_mmmu_acc,0.29778,
≥3,19000,mmstar_average,0.3418245205114739,
≥3,19000,ocrbench_ocrbench_accuracy,0.568,
≥3,19000,seedbench_seed_all,0.5493051695386326,
≥3,19000,textvqa_val_exact_match,0.56014,0.006731277597872481
≥4,1000,ai2d_exact_match,0.24514248704663213,0.00774236194438642
≥4,1000,average,0.2886475913888803,
≥4,1000,average_rank,2.3,
≥4,1000,chartqa_relaxed_overall,0.3972,0.009788318981080978
≥4,1000,docvqa_val_anls,0.37365436598717294,0.005925680297715887
≥4,1000,infovqa_val_anls,0.17743073573571846,0.0061602017146906085
≥4,1000,mme_total_score,632.5170068027211,
≥4,1000,mmmu_val_mmmu_acc,0.26889,
≥4,1000,mmstar_average,0.2207913007120554,
≥4,1000,ocrbench_ocrbench_accuracy,0.295,
≥4,1000,seedbench_seed_all,0.26297943301834353,
≥4,1000,textvqa_val_exact_match,0.35674,0.006549831642027738
≥4,2000,ai2d_exact_match,0.2658678756476684,0.007951548865715979
≥4,2000,average,0.3301948089612685,
≥4,2000,average_rank,2.2,
≥4,2000,chartqa_relaxed_overall,0.5108,0.009999667061284322
≥4,2000,docvqa_val_anls,0.47288379978857037,0.006197116763458197
≥4,2000,infovqa_val_anls,0.19614396715396193,0.006363207550147918
≥4,2000,mme_total_score,649.1020408163265,
≥4,2000,mmmu_val_mmmu_acc,0.25333,
≥4,2000,mmstar_average,0.23593804384220507,
≥4,2000,ocrbench_ocrbench_accuracy,0.344,
≥4,2000,seedbench_seed_all,0.28526959421901055,
≥4,2000,textvqa_val_exact_match,0.40752,0.006707017723053031
≥4,3000,ai2d_exact_match,0.27428756476683935,0.008030027397236163
≥4,3000,average,0.35549277156858605,
≥4,3000,average_rank,3.1,
≥4,3000,chartqa_relaxed_overall,0.5332,0.009979927032670678
≥4,3000,docvqa_val_anls,0.5073841710534057,0.006243585075672888
≥4,3000,infovqa_val_anls,0.2112620781635733,0.006555166517270566
≥4,3000,mme_total_score,631.2074829931973,
≥4,3000,mmmu_val_mmmu_acc,0.27,
≥4,3000,mmstar_average,0.23471667210121605,
≥4,3000,ocrbench_ocrbench_accuracy,0.404,
≥4,3000,seedbench_seed_all,0.34402445803224013,
≥4,3000,textvqa_val_exact_match,0.42056000000000004,0.006749442071286688
≥4,4000,ai2d_exact_match,0.31832901554404147,0.008384114535775948
≥4,4000,average,0.385231957814173,
≥4,4000,average_rank,2.4,
≥4,4000,chartqa_relaxed_overall,0.5652,0.009916598185256227
≥4,4000,docvqa_val_anls,0.5416928947604102,0.006213976135239445
≥4,4000,infovqa_val_anls,0.20356144693573172,0.0062836907942324565
≥4,4000,mme_total_score,653.2091836734694,
≥4,4000,mmmu_val_mmmu_acc,0.28,
≥4,4000,mmstar_average,0.29405509132528374,
≥4,4000,ocrbench_ocrbench_accuracy,0.405,
≥4,4000,seedbench_seed_all,0.41650917176209007,
≥4,4000,textvqa_val_exact_match,0.44273999999999997,0.006779280950811967
≥4,5000,ai2d_exact_match,0.36755181347150256,0.00867767630454297
≥4,5000,average,0.4077588201424885,
≥4,5000,average_rank,2.6,
≥4,5000,chartqa_relaxed_overall,0.58,0.009873144969898833
≥4,5000,docvqa_val_anls,0.5630037000906716,0.006209962710311604
≥4,5000,infovqa_val_anls,0.21458613370689986,0.006397856835104317
≥4,5000,mme_total_score,625.7602040816327,
≥4,5000,mmmu_val_mmmu_acc,0.27333,
≥4,5000,mmstar_average,0.3209608357365017,
≥4,5000,ocrbench_ocrbench_accuracy,0.445,
≥4,5000,seedbench_seed_all,0.45041689827682047,
≥4,5000,textvqa_val_exact_match,0.45498,0.006789422594877592
≥4,6000,ai2d_exact_match,0.3785621761658031,0.008729696327646355
≥4,6000,average,0.41319441398053125,
≥4,6000,average_rank,3.0,
≥4,6000,chartqa_relaxed_overall,0.598,0.009808000752013664
≥4,6000,docvqa_val_anls,0.5873915760067876,0.006194850343529871
≥4,6000,infovqa_val_anls,0.2118313803571488,0.0064268256454762555
≥4,6000,mme_total_score,647.9846938775511,
≥4,6000,mmmu_val_mmmu_acc,0.27667,
≥4,6000,mmstar_average,0.31152278673584216,
≥4,6000,ocrbench_ocrbench_accuracy,0.432,
≥4,6000,seedbench_seed_all,0.45325180655919955,
≥4,6000,textvqa_val_exact_match,0.46952,0.006815356464393287
≥4,7000,ai2d_exact_match,0.405440414507772,0.008836756671878079
≥4,7000,average,0.4292314266450108,
≥4,7000,average_rank,2.5,
≥4,7000,chartqa_relaxed_overall,0.602,0.00979166741164548
≥4,7000,docvqa_val_anls,0.5975001541722433,0.006202378232201727
≥4,7000,infovqa_val_anls,0.22746329153304923,0.006598501883805769
≥4,7000,mme_total_score,644.2482993197278,
≥4,7000,mmmu_val_mmmu_acc,0.29556,
≥4,7000,mmstar_average,0.3402250385136554,
≥4,7000,ocrbench_ocrbench_accuracy,0.456,
≥4,7000,seedbench_seed_all,0.4690939410783769,
≥4,7000,textvqa_val_exact_match,0.4698,0.006774981333879443
≥4,8000,ai2d_exact_match,0.420660621761658,0.008885137221616577
≥4,8000,average,0.4378486452448895,
≥4,8000,average_rank,2.7,
≥4,8000,chartqa_relaxed_overall,0.6104,0.009755142291143075
≥4,8000,docvqa_val_anls,0.6138040101801899,0.006179898911166834
≥4,8000,infovqa_val_anls,0.22606978572806807,0.006579692710461168
≥4,8000,mme_total_score,658.9676870748299,
≥4,8000,mmmu_val_mmmu_acc,0.28778,
≥4,8000,mmstar_average,0.3468841677442059,
≥4,8000,ocrbench_ocrbench_accuracy,0.463,
≥4,8000,seedbench_seed_all,0.4785992217898833,
≥4,8000,textvqa_val_exact_match,0.49344000000000005,0.006803341118162017
≥4,9000,ai2d_exact_match,0.4219559585492228,0.008888852746011196
≥4,9000,average,0.4420874430953781,
≥4,9000,average_rank,2.6,
≥4,9000,chartqa_relaxed_overall,0.6152,0.009732906852031212
≥4,9000,docvqa_val_anls,0.6305245733667586,0.006112674867758156
≥4,9000,infovqa_val_anls,0.2397582783787718,0.006679019564643084
≥4,9000,mme_total_score,637.5170068027211,
≥4,9000,mmmu_val_mmmu_acc,0.29444,
≥4,9000,mmstar_average,0.32453031208282723,
≥4,9000,ocrbench_ocrbench_accuracy,0.47,
≥4,9000,seedbench_seed_all,0.4841578654808227,
≥4,9000,textvqa_val_exact_match,0.49822,0.0067895350265813805
≥4,10000,ai2d_exact_match,0.4226036269430052,0.008890687000142644
≥4,10000,average,0.44420978068105677,
≥4,10000,average_rank,3.0,
≥4,10000,chartqa_relaxed_overall,0.6216,0.009701702181065136
≥4,10000,docvqa_val_anls,0.6324744510097755,0.006105489658656957
≥4,10000,infovqa_val_anls,0.2379840149655046,0.006688060277831451
≥4,10000,mme_total_score,655.0340136054422,
≥4,10000,mmmu_val_mmmu_acc,0.27778,
≥4,10000,mmstar_average,0.3590975730111145,
≥4,10000,ocrbench_ocrbench_accuracy,0.46,
≥4,10000,seedbench_seed_all,0.48704836020011116,
≥4,10000,textvqa_val_exact_match,0.4993,0.006805289442255823
≥4,11000,ai2d_exact_match,0.43102331606217614,0.008913110733383509
≥4,11000,average,0.44988739002985145,
≥4,11000,average_rank,3.2,
≥4,11000,chartqa_relaxed_overall,0.634,0.00963611653607192
≥4,11000,docvqa_val_anls,0.6322712133935365,0.006121517573716792
≥4,11000,infovqa_val_anls,0.2413865745385472,0.006692342108960141
≥4,11000,mme_total_score,658.1836734693877,
≥4,11000,mmmu_val_mmmu_acc,0.28444,
≥4,11000,mmstar_average,0.342313121671846,
≥4,11000,ocrbench_ocrbench_accuracy,0.479,
≥4,11000,seedbench_seed_all,0.502112284602557,
≥4,11000,textvqa_val_exact_match,0.50244,0.00679965119188229
≥4,12000,ai2d_exact_match,0.42875647668393785,0.008907332750968597
≥4,12000,average,0.4548323782860016,
≥4,12000,average_rank,2.8,
≥4,12000,chartqa_relaxed_overall,0.6304,0.009655859891905061
≥4,12000,docvqa_val_anls,0.6455348323026604,0.006090623668615334
≥4,12000,infovqa_val_anls,0.24824487207836357,0.006776227086451809
≥4,12000,mme_total_score,659.5289115646259,
≥4,12000,mmmu_val_mmmu_acc,0.28667,
≥4,12000,mmstar_average,0.3540534947708648,
≥4,12000,ocrbench_ocrbench_accuracy,0.479,
≥4,12000,seedbench_seed_all,0.5011117287381879,
≥4,12000,textvqa_val_exact_match,0.51972,0.006789421445801825
≥4,13000,ai2d_exact_match,0.43879533678756477,0.008931477789122115
≥4,13000,average,0.4591999882773314,
≥4,13000,average_rank,2.9,
≥4,13000,chartqa_relaxed_overall,0.6404,0.009599583157550096
≥4,13000,docvqa_val_anls,0.6527664026795218,0.006064581205597092
≥4,13000,infovqa_val_anls,0.25301984861581456,0.006782117731741186
≥4,13000,mme_total_score,682.5748299319728,
≥4,13000,mmmu_val_mmmu_acc,0.29111,
≥4,13000,mmstar_average,0.3517055270912357,
≥4,13000,ocrbench_ocrbench_accuracy,0.478,
≥4,13000,seedbench_seed_all,0.5050027793218455,
≥4,13000,textvqa_val_exact_match,0.522,0.0067926156909974755
≥4,14000,ai2d_exact_match,0.4323186528497409,0.008916326937351901
≥4,14000,average,0.4646863548031565,
≥4,14000,average_rank,3.0,
≥4,14000,chartqa_relaxed_overall,0.644,0.009578219924326623
≥4,14000,docvqa_val_anls,0.6548905776766276,0.006057263905849616
≥4,14000,infovqa_val_anls,0.2562200123257713,0.006874581648592813
≥4,14000,mme_total_score,671.9404761904761,
≥4,14000,mmmu_val_mmmu_acc,0.29667,
≥4,14000,mmstar_average,0.37705986254969837,
≥4,14000,ocrbench_ocrbench_accuracy,0.493,
≥4,14000,seedbench_seed_all,0.5045580878265703,
≥4,14000,textvqa_val_exact_match,0.52346,0.006781469114039297
≥4,15000,ai2d_exact_match,0.44430051813471505,0.008943141268224495
≥4,15000,average,0.46755888531075723,
≥4,15000,average_rank,3.2,
≥4,15000,chartqa_relaxed_overall,0.6456,0.009568535872927508
≥4,15000,docvqa_val_anls,0.6580148685293012,0.006071011273366836
≥4,15000,infovqa_val_anls,0.25650876918794263,0.006807617862342499
≥4,15000,mme_total_score,652.6581632653061,
≥4,15000,mmmu_val_mmmu_acc,0.3,
≥4,15000,mmstar_average,0.37405941950461163,
≥4,15000,ocrbench_ocrbench_accuracy,0.494,
≥4,15000,seedbench_seed_all,0.5115063924402445,
≥4,15000,textvqa_val_exact_match,0.5240400000000001,0.006789641781942949
≥4,16000,ai2d_exact_match,0.44591968911917096,0.00894635996642554
≥4,16000,average,0.4675481362198435,
≥4,16000,average_rank,3.4,
≥4,16000,chartqa_relaxed_overall,0.644,0.009578219924326623
≥4,16000,docvqa_val_anls,0.6701700723398091,0.00598528368808041
≥4,16000,infovqa_val_anls,0.25594206541579917,0.006827795722845132
≥4,16000,mme_total_score,621.2006802721088,
≥4,16000,mmmu_val_mmmu_acc,0.29333,
≥4,16000,mmstar_average,0.3555236170026451,
≥4,16000,ocrbench_ocrbench_accuracy,0.5,
≥4,16000,seedbench_seed_all,0.5140077821011673,
≥4,16000,textvqa_val_exact_match,0.52904,0.006781307610378791
≥4,17000,ai2d_exact_match,0.4423575129533679,0.008939151893135124
≥4,17000,average,0.470260028617176,
≥4,17000,average_rank,3.2,
≥4,17000,chartqa_relaxed_overall,0.6528,0.009523504757028414
≥4,17000,docvqa_val_anls,0.6715440208321617,0.005990650413425848
≥4,17000,infovqa_val_anls,0.2505498351142534,0.0067846959958436336
≥4,17000,mme_total_score,645.9387755102041,
≥4,17000,mmmu_val_mmmu_acc,0.28889,
≥4,17000,mmstar_average,0.36983647620343896,
≥4,17000,ocrbench_ocrbench_accuracy,0.506,
≥4,17000,seedbench_seed_all,0.5163424124513619,
≥4,17000,textvqa_val_exact_match,0.5340199999999999,0.006775522818343422
≥4,18000,ai2d_exact_match,0.44365284974093266,0.008941826870765836
≥4,18000,average,0.4716323231463362,
≥4,18000,average_rank,3.3,
≥4,18000,chartqa_relaxed_overall,0.6548,0.009510571191350932
≥4,18000,docvqa_val_anls,0.6713197941217036,0.006012007386995055
≥4,18000,infovqa_val_anls,0.25642018150567725,0.006824635684186863
≥4,18000,mme_total_score,678.5255102040816,
≥4,18000,mmmu_val_mmmu_acc,0.30222,
≥4,18000,mmstar_average,0.36512008406044094,
≥4,18000,ocrbench_ocrbench_accuracy,0.505,
≥4,18000,seedbench_seed_all,0.5163979988882713,
≥4,18000,textvqa_val_exact_match,0.5297599999999999,0.006789351039496154
≥4,19000,ai2d_exact_match,0.4420336787564767,0.008938473522297173
≥4,19000,average,0.47578432127978293,
≥4,19000,average_rank,3.1,
≥4,19000,chartqa_relaxed_overall,0.6552,0.009507962165354631
≥4,19000,docvqa_val_anls,0.6758822484033866,0.005978188514035828
≥4,19000,infovqa_val_anls,0.25920579379187,0.006859000726576107
≥4,19000,mme_total_score,648.0051020408163,
≥4,19000,mmmu_val_mmmu_acc,0.31222,
≥4,19000,mmstar_average,0.36867213443512875,
≥4,19000,ocrbench_ocrbench_accuracy,0.514,
≥4,19000,seedbench_seed_all,0.517065036131184,
≥4,19000,textvqa_val_exact_match,0.53778,0.006774194584041153
≥5,1000,ai2d_exact_match,0.2707253886010363,0.007997269386750962
≥5,1000,average,0.28746693021594993,
≥5,1000,average_rank,3.0,
≥5,1000,chartqa_relaxed_overall,0.4188,0.009869224115088964
≥5,1000,docvqa_val_anls,0.3974008919607103,0.006032200167231822
≥5,1000,infovqa_val_anls,0.19100831944942226,0.006573293191722239
≥5,1000,mme_total_score,611.360544217687,
≥5,1000,mmmu_val_mmmu_acc,0.24,
≥5,1000,mmstar_average,0.1976861821602846,
≥5,1000,ocrbench_ocrbench_accuracy,0.275,
≥5,1000,seedbench_seed_all,0.2508615897720956,
≥5,1000,textvqa_val_exact_match,0.34571999999999997,0.0065009529145933324
≥5,2000,ai2d_exact_match,0.26424870466321243,0.007936036132740997
≥5,2000,average,0.3233315583742189,
≥5,2000,average_rank,3.6,
≥5,2000,chartqa_relaxed_overall,0.5084,0.010000589018267121
≥5,2000,docvqa_val_anls,0.4796362298612967,0.006176090342725644
≥5,2000,infovqa_val_anls,0.18440735237308775,0.006268696895430431
≥5,2000,mme_total_score,573.4557823129252,
≥5,2000,mmmu_val_mmmu_acc,0.25333,
≥5,2000,mmstar_average,0.2035063743792113,
≥5,2000,ocrbench_ocrbench_accuracy,0.338,
≥5,2000,seedbench_seed_all,0.27965536409116176,
≥5,2000,textvqa_val_exact_match,0.3988,0.006679269011419241
≥5,3000,ai2d_exact_match,0.27428756476683935,0.00803002739723617
≥5,3000,average,0.3443864268244443,
≥5,3000,average_rank,3.9,
≥5,3000,chartqa_relaxed_overall,0.5452,0.00996104778570988
≥5,3000,docvqa_val_anls,0.4898334505042122,0.006220141079936321
≥5,3000,infovqa_val_anls,0.1905138805204429,0.0062439153410265395
≥5,3000,mme_total_score,556.8095238095239,
≥5,3000,mmmu_val_mmmu_acc,0.26778,
≥5,3000,mmstar_average,0.2298314503533517,
≥5,3000,ocrbench_ocrbench_accuracy,0.357,
≥5,3000,seedbench_seed_all,0.34469149527515286,
≥5,3000,textvqa_val_exact_match,0.40034000000000003,0.006692244325099119
≥5,4000,ai2d_exact_match,0.32027202072538863,0.008397669117307337
≥5,4000,average,0.376205627947542,
≥5,4000,average_rank,3.4,
≥5,4000,chartqa_relaxed_overall,0.5652,0.009916598185256227
≥5,4000,docvqa_val_anls,0.5177963857889966,0.006222777093039552
≥5,4000,infovqa_val_anls,0.18916843913392253,0.006215579683049469
≥5,4000,mme_total_score,604.8146258503401,
≥5,4000,mmmu_val_mmmu_acc,0.28778,
≥5,4000,mmstar_average,0.29371580699129896,
≥5,4000,ocrbench_ocrbench_accuracy,0.386,
≥5,4000,seedbench_seed_all,0.4163979988882713,
≥5,4000,textvqa_val_exact_match,0.40952,0.006715332684134995
≥5,5000,ai2d_exact_match,0.33743523316062174,0.008510225495976804
≥5,5000,average,0.3848546106999232,
≥5,5000,average_rank,3.8,
≥5,5000,chartqa_relaxed_overall,0.5804,0.009871844677005952
≥5,5000,docvqa_val_anls,0.5377359601766157,0.0062198901419007885
≥5,5000,infovqa_val_anls,0.2011732768094287,0.0063147175491986935
≥5,5000,mme_total_score,635.4557823129252,
≥5,5000,mmmu_val_mmmu_acc,0.28333,
≥5,5000,mmstar_average,0.2707551695656502,
≥5,5000,ocrbench_ocrbench_accuracy,0.413,
≥5,5000,seedbench_seed_all,0.4153418565869928,
≥5,5000,textvqa_val_exact_match,0.4245199999999999,0.006749286220993934
≥5,6000,ai2d_exact_match,0.33775906735751293,0.008512227143417681
≥5,6000,average,0.40160010157704135,
≥5,6000,average_rank,4.0,
≥5,6000,chartqa_relaxed_overall,0.5972,0.009811185848158155
≥5,6000,docvqa_val_anls,0.5638436995149737,0.006239864600720921
≥5,6000,infovqa_val_anls,0.2134170597784526,0.0064637890910638615
≥5,6000,mme_total_score,629.6700680272108,
≥5,6000,mmmu_val_mmmu_acc,0.29111,
≥5,6000,mmstar_average,0.30043490077200463,
≥5,6000,ocrbench_ocrbench_accuracy,0.428,
≥5,6000,seedbench_seed_all,0.445136186770428,
≥5,6000,textvqa_val_exact_match,0.4375000000000001,0.006770193284051843
≥5,7000,ai2d_exact_match,0.38147668393782386,0.008742662684201102
≥5,7000,average,0.4128574907483326,
≥5,7000,average_rank,4.0,
≥5,7000,chartqa_relaxed_overall,0.5924,0.009829727637028773
≥5,7000,docvqa_val_anls,0.5787327229367657,0.006207050035602503
≥5,7000,infovqa_val_anls,0.21426196373121223,0.006473055692640963
≥5,7000,mme_total_score,634.8928571428571,
≥5,7000,mmmu_val_mmmu_acc,0.28778,
≥5,7000,mmstar_average,0.3047775080524821,
≥5,7000,ocrbench_ocrbench_accuracy,0.445,
≥5,7000,seedbench_seed_all,0.4633685380767093,
≥5,7000,textvqa_val_exact_match,0.4479200000000001,0.006776925561345115
≥5,8000,ai2d_exact_match,0.37694300518134716,0.008722348153640555
≥5,8000,average,0.4177104341751616,
≥5,8000,average_rank,4.3,
≥5,8000,chartqa_relaxed_overall,0.6052,0.009778109662477129
≥5,8000,docvqa_val_anls,0.5848226849030369,0.006118280955924086
≥5,8000,infovqa_val_anls,0.22716516383976268,0.006599069597925426
≥5,8000,mme_total_score,631.8299319727892,
≥5,8000,mmmu_val_mmmu_acc,0.28778,
≥5,8000,mmstar_average,0.310840196509451,
≥5,8000,ocrbench_ocrbench_accuracy,0.45,
≥5,8000,seedbench_seed_all,0.45714285714285713,
≥5,8000,textvqa_val_exact_match,0.4595,0.006799352633835655
≥5,9000,ai2d_exact_match,0.39345854922279794,0.008792480650628211
≥5,9000,average,0.4230005209124751,
≥5,9000,average_rank,4.1,
≥5,9000,chartqa_relaxed_overall,0.6164,0.009727191953761483
≥5,9000,docvqa_val_anls,0.5898502952284708,0.006210892818800316
≥5,9000,infovqa_val_anls,0.22700559034851783,0.006566637554657031
≥5,9000,mme_total_score,650.124149659864,
≥5,9000,mmmu_val_mmmu_acc,0.26333,
≥5,9000,mmstar_average,0.3054500143908104,
≥5,9000,ocrbench_ocrbench_accuracy,0.476,
≥5,9000,seedbench_seed_all,0.4744302390216787,
≥5,9000,textvqa_val_exact_match,0.46107999999999993,0.00679104339362331
≥5,10000,ai2d_exact_match,0.40770725388601037,0.008844516803704286
≥5,10000,average,0.42883369231582574,
≥5,10000,average_rank,4.3,
≥5,10000,chartqa_relaxed_overall,0.6212,0.009703704898413913
≥5,10000,docvqa_val_anls,0.6019271313791558,0.0061562654420724205
≥5,10000,infovqa_val_anls,0.22574970075829065,0.006593818910085297
≥5,10000,mme_total_score,596.4710884353742,
≥5,10000,mmmu_val_mmmu_acc,0.28778,
≥5,10000,mmstar_average,0.31747912258440025,
≥5,10000,ocrbench_ocrbench_accuracy,0.458,
≥5,10000,seedbench_seed_all,0.47204002223457475,
≥5,10000,textvqa_val_exact_match,0.46762,0.00680558375997701
≥5,11000,ai2d_exact_match,0.41224093264248707,0.008859453032358869
≥5,11000,average,0.43139135632851494,
≥5,11000,average_rank,4.3,
≥5,11000,chartqa_relaxed_overall,0.624,0.009689538423575438
≥5,11000,docvqa_val_anls,0.5969298636083556,0.006077525402912234
≥5,11000,infovqa_val_anls,0.23206384708038705,0.006649968873942653
≥5,11000,mme_total_score,618.6326530612246,
≥5,11000,mmmu_val_mmmu_acc,0.29778,
≥5,11000,mmstar_average,0.304166274020068,
≥5,11000,ocrbench_ocrbench_accuracy,0.467,
≥5,11000,seedbench_seed_all,0.4783212896053363,
≥5,11000,textvqa_val_exact_match,0.47002,0.006791013436350906
≥5,12000,ai2d_exact_match,0.41386010362694303,0.00886459927257348
≥5,12000,average,0.43780261093672457,
≥5,12000,average_rank,4.2,
≥5,12000,chartqa_relaxed_overall,0.63,0.00965801796044974
≥5,12000,docvqa_val_anls,0.61907502588855,0.006141216046133696
≥5,12000,infovqa_val_anls,0.23508371459325778,0.006715413220374958
≥5,12000,mme_total_score,636.8095238095239,
≥5,12000,mmmu_val_mmmu_acc,0.29444,
≥5,12000,mmstar_average,0.30800611068641726,
≥5,12000,ocrbench_ocrbench_accuracy,0.48,
≥5,12000,seedbench_seed_all,0.481378543635353,
≥5,12000,textvqa_val_exact_match,0.47838,0.0067952446747735285
≥5,13000,ai2d_exact_match,0.41968911917098445,0.008882309400443855
≥5,13000,average,0.44244351114513614,
≥5,13000,average_rank,4.2,
≥5,13000,chartqa_relaxed_overall,0.63,0.00965801796044974
≥5,13000,docvqa_val_anls,0.6332585799642098,0.006108497007314537
≥5,13000,infovqa_val_anls,0.23941240946565165,0.006705748427777414
≥5,13000,mme_total_score,626.8248299319728,
≥5,13000,mmmu_val_mmmu_acc,0.29444,
≥5,13000,mmstar_average,0.31812106368981574,
≥5,13000,ocrbench_ocrbench_accuracy,0.479,
≥5,13000,seedbench_seed_all,0.4867704280155642,
≥5,13000,textvqa_val_exact_match,0.4812999999999999,0.006807740525770151
≥5,14000,ai2d_exact_match,0.4180699481865285,0.008877517831066049
≥5,14000,average,0.43859864594625364,
≥5,14000,average_rank,4.7,
≥5,14000,chartqa_relaxed_overall,0.634,0.00963611653607192
≥5,14000,docvqa_val_anls,0.6228194930250945,0.00603170401976013
≥5,14000,infovqa_val_anls,0.2373742957554242,0.006749917839373105
≥5,14000,mme_total_score,640.9353741496599,
≥5,14000,mmmu_val_mmmu_acc,0.28111,
≥5,14000,mmstar_average,0.30870170300837935,
≥5,14000,ocrbench_ocrbench_accuracy,0.468,
≥5,14000,seedbench_seed_all,0.490272373540856,
≥5,14000,textvqa_val_exact_match,0.48704,0.006811555412490416
≥5,15000,ai2d_exact_match,0.42033678756476683,0.0088841985383291
≥5,15000,average,0.4493020549744483,
≥5,15000,average_rank,4.3,
≥5,15000,chartqa_relaxed_overall,0.634,0.00963611653607192
≥5,15000,docvqa_val_anls,0.6441936439366807,0.006083543225400507
≥5,15000,infovqa_val_anls,0.24225340680501783,0.006766995068281554
≥5,15000,mme_total_score,649.6683673469388,
≥5,15000,mmmu_val_mmmu_acc,0.31444,
≥5,15000,mmstar_average,0.3088639171639584,
≥5,15000,ocrbench_ocrbench_accuracy,0.49,
≥5,15000,seedbench_seed_all,0.4953307392996109,
≥5,15000,textvqa_val_exact_match,0.4943,0.006802702209524558
≥5,16000,ai2d_exact_match,0.43102331606217614,0.008913110733383512
≥5,16000,average,0.4547498341048439,
≥5,16000,average_rank,4.0,
≥5,16000,chartqa_relaxed_overall,0.6376,0.009615793331418735
≥5,16000,docvqa_val_anls,0.6400316893948637,0.006137343277865641
≥5,16000,infovqa_val_anls,0.2494232082698933,0.006878312285939229
≥5,16000,mme_total_score,651.4880952380952,
≥5,16000,mmmu_val_mmmu_acc,0.31111,
≥5,16000,mmstar_average,0.33139384518998005,
≥5,16000,ocrbench_ocrbench_accuracy,0.504,
≥5,16000,seedbench_seed_all,0.49160644802668146,
≥5,16000,textvqa_val_exact_match,0.49655999999999995,0.006809089955434884
≥5,17000,ai2d_exact_match,0.41547927461139894,0.008869646776634897
≥5,17000,average,0.45183488389514526,
≥5,17000,average_rank,4.2,
≥5,17000,chartqa_relaxed_overall,0.6444,0.009575809858898698
≥5,17000,docvqa_val_anls,0.6470904368022692,0.00610746328694398
≥5,17000,infovqa_val_anls,0.24587813104100764,0.006774660099659317
≥5,17000,mme_total_score,635.6700680272108,
≥5,17000,mmmu_val_mmmu_acc,0.29222,
≥5,17000,mmstar_average,0.3214527496221985,
≥5,17000,ocrbench_ocrbench_accuracy,0.51,
≥5,17000,seedbench_seed_all,0.49605336297943303,
≥5,17000,textvqa_val_exact_match,0.49394000000000005,0.006805286008944275
≥5,18000,ai2d_exact_match,0.4319948186528497,0.008915528710615484
≥5,18000,average,0.4524884361615038,
≥5,18000,average_rank,4.7,
≥5,18000,chartqa_relaxed_overall,0.6412,0.009594886593362934
≥5,18000,docvqa_val_anls,0.6417498056690655,0.006070355136614947
≥5,18000,infovqa_val_anls,0.2404225713513222,0.006730728710089941
≥5,18000,mme_total_score,655.829931972789,
≥5,18000,mmmu_val_mmmu_acc,0.29222,
≥5,18000,mmstar_average,0.32211620059741813,
≥5,18000,ocrbench_ocrbench_accuracy,0.513,
≥5,18000,seedbench_seed_all,0.4945525291828794,
≥5,18000,textvqa_val_exact_match,0.49513999999999997,0.0067971844482318305
≥5,19000,ai2d_exact_match,0.4213082901554404,0.008887002823098537
≥5,19000,average,0.4541437926528052,
≥5,19000,average_rank,4.7,
≥5,19000,chartqa_relaxed_overall,0.642,0.009590161024476605
≥5,19000,docvqa_val_anls,0.6518779003706476,0.006074501334886487
≥5,19000,infovqa_val_anls,0.24196990768518037,0.006752919839434985
≥5,19000,mme_total_score,646.6513605442177,
≥5,19000,mmmu_val_mmmu_acc,0.30111,
≥5,19000,mmstar_average,0.3147497032570857,
≥5,19000,ocrbench_ocrbench_accuracy,0.51,
≥5,19000,seedbench_seed_all,0.49699833240689273,
≥5,19000,textvqa_val_exact_match,0.5072800000000001,0.006794367741490103
