run_name,tokens,loss
RoPE (baseline),11010048.0,12.117668151855469
RoPE (baseline),25165824.0,10.72366714477539
RoPE (baseline),349175808.0,5.997757911682129
RoPE (baseline),352321536.0,5.998300552368164
RoPE (baseline),380633088.0,5.831534385681152
RoPE (baseline),553648128.0,5.241981029510498
RoPE (baseline),629145600.0,5.031440734863281
RoPE (baseline),742391808.0,4.723248481750488
RoPE (baseline),756547584.0,4.653656005859375
RoPE (baseline),860356608.0,4.433552265167236
RoPE (baseline),998768640.0,4.0411577224731445
RoPE (baseline),1009778688.0,3.9860594272613525
RoPE (baseline),1129316352.0,3.7510929107666016
RoPE (baseline),1168637952.0,3.687824010848999
RoPE (baseline),1621622784.0,3.3437957763671875
RoPE (baseline),1626341376.0,3.4005393981933594
RoPE (baseline),1874853888.0,3.265878438949585
RoPE (baseline),1923612672.0,3.191035747528076
RoPE (baseline),1944059904.0,3.195054054260254
RoPE (baseline),2002255872.0,3.1957554817199707
RoPE (baseline),2113929216.0,3.1253411769866943
RoPE (baseline),2161115136.0,3.1367647647857666
RoPE (baseline),2308964352.0,3.1096177101135254
RoPE (baseline),2326265856.0,3.0982401371002197
RoPE (baseline),2488270848.0,3.0411911010742188
RoPE (baseline),2623537152.0,3.009819746017456
RoPE (baseline),2664431616.0,2.9964160919189453
RoPE (baseline),2873622528.0,3.0315895080566406
RoPE (baseline),2990014464.0,2.9680728912353516
RoPE (baseline),3001024512.0,2.973097562789917
RoPE (baseline),3177185280.0,2.937756299972534
RoPE (baseline),3216506880.0,2.9358224868774414
RoPE (baseline),3265265664.0,2.978731155395508
RoPE (baseline),3372220416.0,2.9464499950408936
RoPE (baseline),3490185216.0,2.876661777496338
RoPE (baseline),3515351040.0,2.8993642330169678
RoPE (baseline),3634888704.0,2.885251522064209
RoPE (baseline),3704094720.0,2.8305861949920654
RoPE (baseline),3806330880.0,2.7564356327056885
RoPE (baseline),3881828352.0,2.834218978881836
RoPE (baseline),3892838400.0,2.775860071182251
RoPE (baseline),3968335872.0,2.8032798767089844
RoPE (baseline),4135059456.0,2.775966167449951
RoPE (baseline),4169662464.0,2.7447328567504883
RoPE (baseline),4212129792.0,2.8320980072021484
RoPE (baseline),4240441344.0,2.781916618347168
RoPE (baseline),4341104640.0,2.7158122062683105
RoPE (baseline),4562878464.0,2.7394580841064453
RoPE (baseline),4569169920.0,2.7367947101593018
RoPE (baseline),4954521600.0,2.692891836166382
RoPE (baseline),5147983872.0,2.724738836288452
RoPE (baseline),5176295424.0,2.7010674476623535
RoPE (baseline),5239209984.0,2.6500253677368164
RoPE (baseline),5247074304.0,2.6278133392333984
RoPE (baseline),5470420992.0,2.6659340858459473
RoPE (baseline),5479858176.0,2.637543201446533
RoPE (baseline),5519179776.0,2.6567306518554688
RoPE (baseline),5660737536.0,2.6559207439422607
RoPE (baseline),5671747584.0,2.6579983234405518
RoPE (baseline),5747245056.0,2.6052279472351074
RoPE (baseline),5836898304.0,2.5909528732299805
RoPE (baseline),5844762624.0,2.627671241760254
RoPE (baseline),5907677184.0,2.6081185340881348
RoPE (baseline),6159335424.0,2.5830514430999756
RoPE (baseline),6473908224.0,2.5755367279052734
RoPE (baseline),6640631808.0,2.5931694507598877
RoPE (baseline),6689390592.0,2.6053271293640137
RoPE (baseline),6725566464.0,2.625722885131836
RoPE (baseline),6807355392.0,2.5845999717712402
RoPE (baseline),6953631744.0,2.567951202392578
RoPE (baseline),7007109120.0,2.5631766319274902
RoPE (baseline),7085752320.0,2.555962324142456
RoPE (baseline),7192707072.0,2.5630154609680176
RoPE (baseline),7302807552.0,2.568934917449951
RoPE (baseline),7351566336.0,2.5618178844451904
RoPE (baseline),7529299968.0,2.563927173614502
RoPE (baseline),8303149056.0,2.5693068504333496
RoPE (baseline),8377073664.0,2.5103237628936768
RoPE (baseline),8482455552.0,2.5495057106018066
RoPE (baseline),8488747008.0,2.5131068229675293
RoPE (baseline),8647606272.0,2.5276479721069336
RoPE (baseline),8724676608.0,2.5394792556762695
RoPE (baseline),8784445440.0,2.513843536376953
RoPE (baseline),8820621312.0,2.4778764247894287
RoPE (baseline),8933867520.0,2.4917616844177246
RoPE (baseline),9144631296.0,2.480027675628662
RoPE (baseline),9198108672.0,2.5123043060302734
RoPE (baseline),9235857408.0,2.5075857639312744
RoPE (baseline),9268887552.0,2.4895150661468506
RoPE (baseline),9294053376.0,2.5136570930480957
RoPE (baseline),9358540800.0,2.501295328140259
RoPE (baseline),9426173952.0,2.477449417114258
RoPE (baseline),9842982912.0,2.4815263748168945
RoPE (baseline),9844555776.0,2.4972457885742188
RoPE (baseline),9869721600.0,2.448495388031006
RoPE (baseline),9910616064.0,2.443779230117798
RoPE (baseline),9935781888.0,2.4137792587280273
RoPE (baseline),9962520576.0,2.5031750202178955
RoPE (baseline),9967239168.0,2.491671562194824
RoPE (baseline),10141827072.0,2.455134391784668
RoPE (baseline),10299113472.0,2.493638515472412
RoPE (baseline),10555490304.0,2.4539709091186523
RoPE (baseline),10615259136.0,2.4626383781433105
RoPE (baseline),10621550592.0,2.4820196628570557
RoPE (baseline),10640424960.0,2.458174467086792
RoPE (baseline),10668736512.0,2.4508471488952637
RoPE (baseline),10693902336.0,2.5032753944396973
RoPE (baseline),10780409856.0,2.425428628921509
RoPE (baseline),10884218880.0,2.4598541259765625
RoPE (baseline),10959716352.0,2.4581265449523926
RoPE (baseline),10962862080.0,2.406435251235962
RoPE (baseline),11019485184.0,2.4424960613250732
RoPE (baseline),11228676096.0,2.4635603427886963
RoPE (baseline),11389108224.0,2.474860668182373
RoPE (baseline),11736711168.0,2.4642510414123535
RoPE (baseline),11777605632.0,2.4539670944213867
RoPE (baseline),11865686016.0,2.4725522994995117
RoPE (baseline),11912871936.0,2.450268268585205
RoPE (baseline),11960057856.0,2.4764022827148438
RoPE (baseline),12026118144.0,2.4740920066833496
RoPE (baseline),12164530176.0,2.424288034439087
RoPE (baseline),12282494976.0,2.4595165252685547
RoPE (baseline),12398886912.0,2.4545629024505615
RoPE (baseline),12442927104.0,2.421489715576172
RoPE (baseline),12664700928.0,2.4425575733184814
RoPE (baseline),12738625536.0,2.4083008766174316
RoPE (baseline),12774801408.0,2.4121198654174805
RoPE (baseline),12987138048.0,2.3864059448242188
RoPE (baseline),13012303872.0,2.439363479614258
RoPE (baseline),13139705856.0,2.414039134979248
RoPE (baseline),13172736000.0,2.3922924995422363
RoPE (baseline),13174308864.0,2.412446975708008
RoPE (baseline),13224640512.0,2.3929734230041504
RoPE (baseline),13369344000.0,2.3666799068450928
RoPE (baseline),13495173120.0,2.433347702026367
RoPE (baseline),13526630400.0,2.4383909702301025
RoPE (baseline),13690208256.0,2.4618844985961914
RoPE (baseline),13724811264.0,2.40584659576416
RoPE (baseline),13786152960.0,2.3954663276672363
RoPE (baseline),13880524800.0,2.430694580078125
RoPE (baseline),14003208192.0,2.3972010612487793
RoPE (baseline),14012645376.0,2.400872230529785
RoPE (baseline),14018936832.0,2.4030842781066895
RoPE (baseline),14136901632.0,2.4135260581970215
RoPE (baseline),14232846336.0,2.4401087760925293
RoPE (baseline),14250147840.0,2.4219090938568115
RoPE (baseline),14253293568.0,2.4121150970458984
RoPE (baseline),14336655360.0,2.417126178741455
RoPE (baseline),14355529728.0,2.399074077606201
RoPE (baseline),14388559872.0,2.4351806640625
RoPE (baseline),14390132736.0,2.371401309967041
RoPE (baseline),14448328704.0,2.4114980697631836
RoPE (baseline),14456193024.0,2.372051954269409
RoPE (baseline),14470348800.0,2.3810606002807617
RoPE (baseline),14508097536.0,2.420870304107666
RoPE (baseline),14530117632.0,2.422924041748047
RoPE (baseline),14696841216.0,2.438359260559082
RoPE (baseline),14904459264.0,2.353915214538574
RoPE (baseline),15061745664.0,2.412755012512207
RoPE (baseline),15145107456.0,2.39221453666687
RoPE (baseline),15159263232.0,2.398355007171631
RoPE (baseline),15245770752.0,2.377565860748291
RoPE (baseline),15336996864.0,2.352114200592041
RoPE (baseline),15561916416.0,2.370131492614746
RoPE (baseline),15569780736.0,2.4044029712677
RoPE (baseline),15582363648.0,2.4059128761291504
RoPE (baseline),15744368640.0,2.4012484550476074
RoPE (baseline),15838740480.0,2.3788866996765137
RoPE (baseline),15885926400.0,2.3898019790649414
RoPE (baseline),15936258048.0,2.3648152351379395
RoPE (baseline),15948840960.0,2.3795289993286133
RoPE (baseline),15991308288.0,2.3804962635040283
RoPE (baseline),16013328384.0,2.38625168800354
RoPE (baseline),16054222848.0,2.3888847827911377
RoPE (baseline),16085680128.0,2.3459064960479736
RoPE (baseline),16126574592.0,2.4131059646606445
RoPE (baseline),16345202688.0,2.377727508544922
RoPE (baseline),16466313216.0,2.360388994216919
RoPE (baseline),16557539328.0,2.3662447929382324
RoPE (baseline),16795041792.0,2.3574657440185547
RoPE (baseline),16813916160.0,2.355891466140747
RoPE (baseline),16944463872.0,2.387465476989746
RoPE (baseline),17183539200.0,2.353567600250244
RoPE (baseline),17263755264.0,2.3540472984313965
RoPE (baseline),17314086912.0,2.383312702178955
RoPE (baseline),17523277824.0,2.356933832168579
RoPE (baseline),17713594368.0,2.3651657104492188
RoPE (baseline),17935368192.0,2.3281280994415283
RoPE (baseline),17955815424.0,2.363429307937622
RoPE (baseline),18034458624.0,2.3685784339904785
RoPE (baseline),18212192256.0,2.3597888946533203
RoPE (baseline),18323865600.0,2.3630571365356445
RoPE (baseline),18399363072.0,2.3699426651000977
RoPE (baseline),18547212288.0,2.3427538871765137
RoPE (baseline),18556649472.0,2.3373913764953613
RoPE (baseline),18654167040.0,2.3836207389831543
RoPE (baseline),18680905728.0,2.3116846084594727
RoPE (baseline),18685624320.0,2.310340404510498
RoPE (baseline),18702925824.0,2.345367908477783
RoPE (baseline),18707644416.0,2.3620455265045166
RoPE (baseline),18740674560.0,2.3769540786743164
RoPE (baseline),18872795136.0,2.3644495010375977
RoPE (baseline),19003342848.0,2.346367359161377
RoPE (baseline),19168493568.0,2.361398696899414
RoPE (baseline),19177930752.0,2.373683452606201
RoPE (baseline),19412287488.0,2.336841583251953
RoPE (baseline),19486212096.0,2.316016435623169
RoPE (baseline),19516096512.0,2.3543787002563477
RoPE (baseline),19758317568.0,2.328327178955078
RoPE (baseline),19797639168.0,2.348097801208496
RoPE (baseline),19840106496.0,2.3455872535705566
RoPE (baseline),19854262272.0,2.3344154357910156
RoPE (baseline),19906166784.0,2.353712558746338
RoPE (baseline),19991101440.0,2.3438408374786377
RoPE (baseline),20126367744.0,2.3415720462799072
RoPE (baseline),20184563712.0,2.3495869636535645
RoPE (baseline),20341850112.0,2.321873188018799
RoPE (baseline),20393754624.0,2.3363804817199707
RoPE (baseline),20473970688.0,2.355128288269043
RoPE (baseline),20480262144.0,2.329171657562256
RoPE (baseline),20495990784.0,2.2894890308380127
RoPE (baseline),20573061120.0,2.318547487258911
RoPE (baseline),20593508352.0,2.3223037719726562
RoPE (baseline),20656422912.0,2.3472790718078613
RoPE (baseline),20764950528.0,2.3225908279418945
RoPE (baseline),20904935424.0,2.335090160369873
RoPE (baseline),21049638912.0,2.3278989791870117
RoPE (baseline),21109407744.0,2.3532228469848633
RoPE (baseline),21326462976.0,2.34033203125
RoPE (baseline),21438136320.0,2.330402374267578
RoPE (baseline),21545091072.0,2.307429552078247
RoPE (baseline),21633171456.0,2.308356523513794
RoPE (baseline),21659910144.0,2.335911750793457
RoPE (baseline),21667774464.0,2.284566640853882
RoPE (baseline),21749563392.0,2.3421201705932617
RoPE (baseline),21812477952.0,2.3126027584075928
RoPE (baseline),21980774400.0,2.2920098304748535
RoPE (baseline),22067281920.0,2.312370538711548
RoPE (baseline),22309502976.0,2.3449201583862305
RoPE (baseline),22355116032.0,2.3408665657043457
RoPE (baseline),22436904960.0,2.274857997894287
RoPE (baseline),22485663744.0,2.3384194374084473
RoPE (baseline),22600482816.0,2.3448476791381836
RoPE (baseline),22726311936.0,2.300014019012451
RoPE (baseline),22797090816.0,2.2854738235473633
RoPE (baseline),22834839552.0,2.301100015640259
RoPE (baseline),22951231488.0,2.324714183807373
RoPE (baseline),23188733952.0,2.3110098838806152
RoPE (baseline),23490723840.0,2.353713274002075
RoPE (baseline),23552065536.0,2.3119254112243652
RoPE (baseline),23581949952.0,2.339782238006592
RoPE (baseline),23583522816.0,2.313307285308838
RoPE (baseline),23806869504.0,2.3145952224731445
RoPE (baseline),23905959936.0,2.2729406356811523
RoPE (baseline),23957864448.0,2.2945244312286377
RoPE (baseline),24413995008.0,2.2918589115142822
RoPE (baseline),24508366848.0,2.31080961227417
RoPE (baseline),24659361792.0,2.2644333839416504
RoPE (baseline),24793055232.0,2.324094772338867
RoPE (baseline),24833949696.0,2.3502049446105957
RoPE (baseline),24929894400.0,2.2807118892669678
RoPE (baseline),25077743616.0,2.2866547107696533
RoPE (baseline),25102909440.0,2.304385185241699
RoPE (baseline),25121783808.0,2.3055756092071533
RoPE (baseline),25301090304.0,2.2958946228027344
RoPE (baseline),25406472192.0,2.301553249359131
RoPE (baseline),25431638016.0,2.2957570552825928
RoPE (baseline),25518145536.0,2.2985570430755615
RoPE (baseline),25665994752.0,2.252300500869751
RoPE (baseline),25862602752.0,2.319312572479248
RoPE (baseline),25883049984.0,2.283094644546509
RoPE (baseline),26186612736.0,2.319072723388672
RoPE (baseline),26284130304.0,2.2633113861083984
RoPE (baseline),26490175488.0,2.308117389678955
RoPE (baseline),26795311104.0,2.306978702545166
RoPE (baseline),26823622656.0,2.2876839637756348
RoPE (baseline),26872381440.0,2.2673158645629883
RoPE (baseline),27149205504.0,2.267444133758545
RoPE (baseline),27262451712.0,2.2748513221740723
RoPE (baseline),27303346176.0,2.29359769821167
RoPE (baseline),27496808448.0,2.2594704627990723
RoPE (baseline),27827109888.0,2.259469985961914
RoPE (baseline),27866431488.0,2.2881431579589844
RoPE (baseline),28020572160.0,2.269710063934326
RoPE (baseline),28072476672.0,2.2584359645843506
RoPE (baseline),28113371136.0,2.282287120819092
RoPE (baseline),28158984192.0,2.2854132652282715
RoPE (baseline),28179431424.0,2.2647087574005127
RoPE (baseline),28184150016.0,2.210350275039673
RoPE (baseline),28298969088.0,2.277984619140625
RoPE (baseline),28607250432.0,2.263627290725708
RoPE (baseline),28679602176.0,2.2839272022247314
RoPE (baseline),28703195136.0,2.2769198417663574
RoPE (baseline),28891938816.0,2.237943649291992
RoPE (baseline),28898230272.0,2.240701913833618
RoPE (baseline),29013049344.0,2.245706558227539
RoPE (baseline),29234823168.0,2.250298023223877
RoPE (baseline),29483335680.0,2.2686104774475098
RoPE (baseline),29580853248.0,2.279707431793213
RoPE (baseline),29590290432.0,2.2467427253723145
RoPE (baseline),29659496448.0,2.258805990219116
RoPE (baseline),29672079360.0,2.238243579864502
RoPE (baseline),29727129600.0,2.2496628761291504
RoPE (baseline),29852958720.0,2.2887113094329834
RoPE (baseline),30013390848.0,2.237513542175293
RoPE (baseline),30040129536.0,2.258190155029297
RoPE (baseline),30055858176.0,2.2597808837890625
RoPE (baseline),30081024000.0,2.271195888519287
RoPE (baseline),30224154624.0,2.245013475418091
RoPE (baseline),30312235008.0,2.240119218826294
RoPE (baseline),30372003840.0,2.2571756839752197
RoPE (baseline),30441209856.0,2.252756118774414
RoPE (baseline),30511988736.0,2.247744083404541
RoPE (baseline),30582767616.0,2.2570078372955322
RoPE (baseline),30651973632.0,2.2900753021240234
RoPE (baseline),30727471104.0,2.2749457359313965
RoPE (baseline),30740054016.0,2.245462417602539
RoPE (baseline),30986993664.0,2.241905689239502
RoPE (baseline),31084511232.0,2.22898006439209
RoPE (baseline),31186747392.0,2.3037638664245605
RoPE (baseline),31215058944.0,2.2373011112213135
RoPE (baseline),31433687040.0,2.2376272678375244
RoPE (baseline),31581536256.0,2.2211971282958984
RoPE (baseline),31603556352.0,2.249281406402588
RoPE (baseline),31671189504.0,2.2211356163024902
RoPE (baseline),31704219648.0,2.2440738677978516
RoPE (baseline),31757697024.0,2.231471061706543
RoPE (baseline),31872516096.0,2.272368907928467
RoPE (baseline),31929139200.0,2.2517642974853516
RoPE (baseline),31937003520.0,2.233170509338379
RoPE (baseline),31954305024.0,2.257854461669922
RoPE (baseline),31985762304.0,2.225511074066162
RoPE (baseline),32001490944.0,2.2557480335235596
RoPE (baseline),32045531136.0,2.2524447441101074
RoPE (baseline),32182370304.0,2.266709804534912
RoPE (baseline),32265732096.0,2.294952154159546
RoPE (baseline),32286179328.0,2.2683820724487305
RoPE (baseline),32328646656.0,2.2349488735198975
RoPE (baseline),32350666752.0,2.2281408309936523
RoPE (baseline),32479641600.0,2.273085355758667
RoPE (baseline),32607043584.0,2.2546496391296387
RoPE (baseline),32945209344.0,2.2401554584503174
RoPE (baseline),33105641472.0,2.245922565460205
RoPE (baseline),33115078656.0,2.2309470176696777
RoPE (baseline),33190576128.0,2.230548620223999
RoPE (baseline),33222033408.0,2.211535930633545
RoPE (baseline),33410777088.0,2.2765822410583496
RoPE (baseline),33511440384.0,2.2382607460021973
RoPE (baseline),33524023296.0,2.2358555793762207
RoPE (baseline),33686028288.0,2.2574572563171387
RoPE (baseline),33715912704.0,2.251852035522461
RoPE (baseline),33728495616.0,2.226290702819824
RoPE (baseline),33824440320.0,2.2655224800109863
RoPE (baseline),33855897600.0,2.2271745204925537
RoPE (baseline),34006892544.0,2.241257905960083
RoPE (baseline),34079244288.0,2.25390362739563
RoPE (baseline),34157887488.0,2.2495555877685547
RoPE (baseline),34319892480.0,2.226776599884033
RoPE (baseline),34343485440.0,2.2008981704711914
RoPE (baseline),34442575872.0,2.2230184078216553
RoPE (baseline),34702098432.0,2.1986610889434814
RoPE (baseline),34765012992.0,2.208702564239502
RoPE (baseline),34780741632.0,2.2128095626831055
RoPE (baseline),34897133568.0,2.2372334003448486
RoPE (baseline),34969485312.0,2.2188773155212402
RoPE (baseline),34982068224.0,2.1985580921173096
RoPE (baseline),35156656128.0,2.2585177421569824
RoPE (baseline),35244736512.0,2.217149257659912
RoPE (baseline),35280912384.0,2.2588162422180176
RoPE (baseline),35312369664.0,2.2589380741119385
RoPE (baseline),35408314368.0,2.210005760192871
RoPE (baseline),35483811840.0,2.235631227493286
RoPE (baseline),35606495232.0,2.2030251026153564
RoPE (baseline),35678846976.0,2.227562665939331
RoPE (baseline),35715022848.0,2.2331161499023438
RoPE (baseline),35855007744.0,2.225318431854248
RoPE (baseline),35935223808.0,2.1912050247192383
RoPE (baseline),35944660992.0,2.2335116863250732
RoPE (baseline),35957243904.0,2.201215982437134
RoPE (baseline),35966681088.0,2.200439453125
RoPE (baseline),36015439872.0,2.2349770069122314
RoPE (baseline),36106665984.0,2.2210497856140137
RoPE (baseline),36257660928.0,2.2422733306884766
RoPE (baseline),36312711168.0,2.227339506149292
RoPE (baseline),36694917120.0,2.223982810974121
RoPE (baseline),36726374400.0,2.241386890411377
RoPE (baseline),36746821632.0,2.2550740242004395
RoPE (baseline),36786143232.0,2.2257299423217773
RoPE (baseline),36816027648.0,2.224689483642578
RoPE (baseline),36819173376.0,2.2091314792633057
RoPE (baseline),36845912064.0,2.2476773262023926
RoPE (baseline),37125881856.0,2.2203822135925293
RoPE (baseline),37149474816.0,2.199434280395508
RoPE (baseline),37174640640.0,2.2176284790039062
RoPE (baseline),37193515008.0,2.2346811294555664
RoPE (baseline),37258002432.0,2.233560800552368
RoPE (baseline),37270585344.0,2.2126893997192383
RoPE (baseline),37478203392.0,2.1971166133880615
RoPE (baseline),37717278720.0,2.2208147048950195
RoPE (baseline),37747163136.0,2.212292194366455
RoPE (baseline),38016122880.0,2.2150402069091797
RoPE (baseline),38031851520.0,2.2198305130004883
RoPE (baseline),38135660544.0,2.2150871753692627
RoPE (baseline),38203293696.0,2.2092785835266113
RoPE (baseline),38242615296.0,2.2252001762390137
RoPE (baseline),38288228352.0,2.220266342163086
RoPE (baseline),38398328832.0,2.1812973022460938
RoPE (baseline),38506856448.0,2.170102119445801
RoPE (baseline),38532022272.0,2.2199935913085938
RoPE (baseline),38591791104.0,2.1774797439575195
RoPE (baseline),38673580032.0,2.208885669708252
RoPE (baseline),38722338816.0,2.2184908390045166
RoPE (baseline),38983434240.0,2.216625690460205
RoPE (baseline),39120273408.0,2.2186989784240723
RoPE (baseline),39132856320.0,2.2081470489501953
RoPE (baseline),39238238208.0,2.1939449310302734
RoPE (baseline),39436419072.0,2.246428966522217
RoPE (baseline),39540228096.0,2.1810431480407715
RoPE (baseline),39576403968.0,2.188657283782959
RoPE (baseline),39577976832.0,2.225759506225586
RoPE (baseline),39645609984.0,2.2198336124420166
RoPE (baseline),39692795904.0,2.226322650909424
RoPE (baseline),39834353664.0,2.2036027908325195
RoPE (baseline),39839072256.0,2.243587017059326
RoPE (baseline),40013660160.0,2.2044436931610107
RoPE (baseline),40106459136.0,2.177805185317993
RoPE (baseline),40331378688.0,2.198329448699951
RoPE (baseline),40336097280.0,2.183555841445923
RoPE (baseline),40465072128.0,2.1892361640930176
RoPE (baseline),40653815808.0,2.232724905014038
RoPE (baseline),40656961536.0,2.2029736042022705
RoPE (baseline),40660107264.0,2.212296485900879
RoPE (baseline),40680554496.0,2.213080644607544
RoPE (baseline),40732459008.0,2.191362142562866
RoPE (baseline),41023438848.0,2.1929636001586914
RoPE (baseline),41069051904.0,2.2103734016418457
RoPE (baseline),41073770496.0,2.235743999481201
RoPE (baseline),41127247872.0,2.253173351287842
RoPE (baseline),41135112192.0,2.163062572479248
RoPE (baseline),41136685056.0,2.225961685180664
RoPE (baseline),41180725248.0,2.229854106903076
RoPE (baseline),41254649856.0,2.211573362350464
RoPE (baseline),41278242816.0,2.190535068511963
RoPE (baseline),41341157376.0,2.2172296047210693
RoPE (baseline),41355313152.0,2.2130091190338135
RoPE (baseline),41455976448.0,2.187763214111328
RoPE (baseline),41894805504.0,2.2036614418029785
RoPE (baseline),41986031616.0,2.2202749252319336
RoPE (baseline),42119725056.0,2.233210802078247
RoPE (baseline),42168483840.0,2.1902527809143066
RoPE (baseline),42355654656.0,2.166645050048828
RoPE (baseline),42377674752.0,2.18680477142334
RoPE (baseline),42470473728.0,2.179241418838501
RoPE (baseline),42495639552.0,2.2370376586914062
RoPE (baseline),42607312896.0,2.196213722229004
RoPE (baseline),42616750080.0,2.2289187908172607
RoPE (baseline),42843242496.0,2.182363271713257
RoPE (baseline),42851106816.0,2.1858255863189697
RoPE (baseline),42871554048.0,2.2527480125427246
RoPE (baseline),43020976128.0,2.1974358558654785
RoPE (baseline),43087036416.0,2.2204113006591797
RoPE (baseline),43205001216.0,2.1902995109558105
RoPE (baseline),43351277568.0,2.2426328659057617
RoPE (baseline),43524292608.0,2.2400310039520264
RoPE (baseline),43552604160.0,2.202754497528076
RoPE (baseline),43555749888.0,2.214172840118408
RoPE (baseline),43686297600.0,2.1775577068328857
RoPE (baseline),43738202112.0,2.184507131576538
RoPE (baseline),43780669440.0,2.205273151397705
RoPE (baseline),43904925696.0,2.163358211517334
RoPE (baseline),44170739712.0,2.1660051345825195
RoPE (baseline),44291850240.0,2.1868858337402344
RoPE (baseline),44419252224.0,2.201704978942871
RoPE (baseline),44620578816.0,2.198335647583008
RoPE (baseline),44634734592.0,2.190887928009033
RoPE (baseline),44837634048.0,2.2115273475646973
RoPE (baseline),44919422976.0,2.199964761734009
RoPE (baseline),44961890304.0,2.1734957695007324
RoPE (baseline),45042106368.0,2.216153621673584
RoPE (baseline),45090865152.0,2.1820805072784424
RoPE (baseline),45177372672.0,2.178386688232422
RoPE (baseline),45251297280.0,2.181830406188965
RoPE (baseline),45262307328.0,2.178030490875244
RoPE (baseline),45328367616.0,2.20992374420166
RoPE (baseline),45499809792.0,2.1897854804992676
RoPE (baseline),45680689152.0,2.2039527893066406
RoPE (baseline),45732593664.0,2.2101306915283203
RoPE (baseline),45904035840.0,2.183513641357422
RoPE (baseline),46073905152.0,2.2196946144104004
RoPE (baseline),46243774464.0,2.1623024940490723
RoPE (baseline),46300397568.0,2.1909701824188232
RoPE (baseline),46339719168.0,2.2070846557617188
RoPE (baseline),46467121152.0,2.2192134857177734
RoPE (baseline),46556774400.0,2.210838794708252
RoPE (baseline),46614970368.0,2.2024028301239014
RoPE (baseline),46648000512.0,2.2273454666137695
RoPE (baseline),46787985408.0,2.19657564163208
RoPE (baseline),46883930112.0,2.23222017288208
RoPE (baseline),46909095936.0,2.209012508392334
RoPE (baseline),47091548160.0,2.1765170097351074
NoPE,62914560.0,9.306612968444824
NoPE,317718528.0,6.209699630737305
NoPE,352321536.0,5.988338470458984
NoPE,470286336.0,5.511652946472168
NoPE,489160704.0,5.47147274017334
NoPE,503316480.0,5.369540214538574
NoPE,569376768.0,5.200461387634277
NoPE,649592832.0,4.933991432189941
NoPE,998768640.0,4.027012348175049
NoPE,1201668096.0,3.679131507873535
NoPE,1390411776.0,3.5242433547973633
NoPE,1399848960.0,3.490499973297119
NoPE,1401421824.0,3.5073790550231934
NoPE,1406140416.0,3.5334701538085938
NoPE,1522532352.0,3.414363384246826
NoPE,1613758464.0,3.3468017578125
NoPE,1665662976.0,3.349304437637329
NoPE,1701838848.0,3.3757247924804688
NoPE,1789919232.0,3.3254218101501465
NoPE,2209873920.0,3.1203784942626953
NoPE,2307391488.0,3.105637311935425
NoPE,2324692992.0,3.072284698486328
NoPE,2364014592.0,3.068415641784668
NoPE,2710044672.0,2.9451370239257812
NoPE,2872049664.0,2.989896535873413
NoPE,2887778304.0,2.98929762840271
NoPE,2975858688.0,2.9800469875335693
NoPE,3085959168.0,2.9336953163146973
NoPE,3103260672.0,2.9019627571105957
NoPE,3266838528.0,2.9503371715545654
NoPE,3312451584.0,2.8794004917144775
NoPE,3375366144.0,2.8818743228912354
NoPE,3510632448.0,2.879147529602051
NoPE,3603431424.0,2.8482894897460938
NoPE,3694657536.0,2.8611016273498535
NoPE,3702521856.0,2.8172757625579834
NoPE,3770155008.0,2.816070079803467
NoPE,3804758016.0,2.8355422019958496
NoPE,3853516800.0,2.864520788192749
NoPE,3930587136.0,2.864255905151367
NoPE,4013948928.0,2.785284996032715
NoPE,4119330816.0,2.7892110347747803
NoPE,4171235328.0,2.742081642150879
NoPE,4259315712.0,2.781269073486328
NoPE,4358406144.0,2.737473964691162
NoPE,4495245312.0,2.7708330154418945
NoPE,4517265408.0,2.746370315551758
NoPE,4696571904.0,2.750802516937256
NoPE,4877451264.0,2.7187001705169678
NoPE,4974968832.0,2.6896417140960693
NoPE,5081923584.0,2.6918835639953613
NoPE,5166858240.0,2.7057876586914062
NoPE,5483003904.0,2.6891419887542725
NoPE,5558501376.0,2.6259429454803467
NoPE,5564792832.0,2.665677070617676
NoPE,5879365632.0,2.587985038757324
NoPE,6022496256.0,2.601008892059326
NoPE,6131023872.0,2.620598793029785
NoPE,6455033856.0,2.552027463912964
NoPE,6489636864.0,2.6067352294921875
NoPE,6723993600.0,2.59112811088562
NoPE,7087325184.0,2.559563636779785
NoPE,7158104064.0,2.580920696258545
NoPE,7320109056.0,2.5535919666290283
NoPE,7417626624.0,2.546041965484619
NoPE,7521435648.0,2.5759103298187256
NoPE,7526154240.0,2.610769510269165
NoPE,7574913024.0,2.542022228240967
NoPE,7699169280.0,2.5717291831970215
NoPE,7707033600.0,2.563457489013672
NoPE,7765229568.0,2.5601606369018555
NoPE,7774666752.0,2.5613203048706055
NoPE,7831289856.0,2.5104987621307373
NoPE,7944536064.0,2.5132429599761963
NoPE,7964983296.0,2.583712100982666
NoPE,8012169216.0,2.5827536582946777
NoPE,8079802368.0,2.545213222503662
NoPE,8180465664.0,2.483546733856201
NoPE,8241807360.0,2.5541481971740723
NoPE,8441561088.0,2.5374794006347656
NoPE,8587837440.0,2.5130043029785156
NoPE,8674344960.0,2.5336408615112305
NoPE,8685355008.0,2.4877302646636963
NoPE,8759279616.0,2.5461623668670654
NoPE,8830058496.0,2.4938738346099854
NoPE,8858370048.0,2.515348434448242
NoPE,9105309696.0,2.531059741973877
NoPE,9116319744.0,2.505857467651367
NoPE,9276751872.0,2.479495048522949
NoPE,9311354880.0,2.5298569202423096
NoPE,9323937792.0,2.461344003677368
NoPE,9583460352.0,2.5067286491394043
NoPE,9635364864.0,2.4857935905456543
NoPE,9729736704.0,2.459969997406006
NoPE,9948364800.0,2.488905429840088
NoPE,9949937664.0,2.490520477294922
NoPE,10179575808.0,2.4692673683166504
NoPE,10291249152.0,2.4717299938201904
NoPE,10401349632.0,2.4562301635742188
NoPE,10417078272.0,2.4472222328186035
NoPE,10435952640.0,2.478945255279541
NoPE,10550771712.0,2.479901075363159
NoPE,10670309376.0,2.4939069747924805
NoPE,10715922432.0,2.452100992202759
NoPE,10893656064.0,2.447373867034912
NoPE,10978590720.0,2.4609313011169434
NoPE,11066671104.0,2.4559130668640137
NoPE,11069816832.0,2.428241491317749
NoPE,11087118336.0,2.4632112979888916
NoPE,11161042944.0,2.473966360092163
NoPE,11382816768.0,2.460167407989502
NoPE,11445731328.0,2.4280080795288086
NoPE,11676942336.0,2.3995227813720703
NoPE,11678515200.0,2.424975633621216
NoPE,11809062912.0,2.4231700897216797
NoPE,11853103104.0,2.4504342079162598
NoPE,11934892032.0,2.455024003982544
NoPE,12048138240.0,2.4028778076171875
NoPE,12257329152.0,2.450171947479248
NoPE,12545163264.0,2.394461154937744
NoPE,12556173312.0,2.407313823699951
NoPE,12590776320.0,2.452840566635132
NoPE,12682002432.0,2.3947737216949463
NoPE,12878610432.0,2.4372825622558594
NoPE,13029605376.0,2.3860023021698
NoPE,13056344064.0,2.4358530044555664
NoPE,13208911872.0,2.409522771835327
NoPE,13262389248.0,2.425252914428711
NoPE,13279690752.0,2.432835102081299
NoPE,13641449472.0,2.407435417175293
NoPE,13760987136.0,2.4164538383483887
NoPE,13825474560.0,2.3994076251983643
NoPE,13828620288.0,2.4147915840148926
NoPE,13850640384.0,2.3760900497436523
NoPE,14127464448.0,2.4143240451812744
NoPE,14179368960.0,2.387281894683838
NoPE,14248574976.0,2.4049901962280273
NoPE,14799077376.0,2.406090497970581
NoPE,14805368832.0,2.3439316749572754
NoPE,14869856256.0,2.3837592601776123
NoPE,14923333632.0,2.380401134490967
NoPE,15275655168.0,2.3695602416992188
NoPE,15837167616.0,2.348776340484619
NoPE,15857614848.0,2.400399684906006
NoPE,15901655040.0,2.3396553993225098
NoPE,16143876096.0,2.3882265090942383
NoPE,16334192640.0,2.3614449501037598
NoPE,16412835840.0,2.3342108726501465
NoPE,16488333312.0,2.3462719917297363
NoPE,16579559424.0,2.3487255573272705
NoPE,16673931264.0,2.3868775367736816
NoPE,16686514176.0,2.3545303344726562
NoPE,16773021696.0,2.378777503967285
NoPE,16784031744.0,2.313868522644043
NoPE,16862674944.0,2.343320369720459
NoPE,16864247808.0,2.3409433364868164
NoPE,16872112128.0,2.337582588195801
NoPE,16901996544.0,2.373518705368042
NoPE,17019961344.0,2.375701427459717
NoPE,17230725120.0,2.3412632942199707
NoPE,17263755264.0,2.3532474040985107
NoPE,17325096960.0,2.341310501098633
NoPE,17587765248.0,2.357997179031372
NoPE,17589338112.0,2.3289151191711426
NoPE,17713594368.0,2.365623950958252
NoPE,17823694848.0,2.323486566543579
NoPE,17888182272.0,2.333007335662842
NoPE,17925931008.0,2.3448033332824707
NoPE,17954242560.0,2.34649658203125
NoPE,18001428480.0,2.3605575561523438
NoPE,18031312896.0,2.3691868782043457
NoPE,18094227456.0,2.3419930934906006
NoPE,18240503808.0,2.357227087020874
NoPE,18306564096.0,2.355048656463623
NoPE,18311282688.0,2.3751673698425293
NoPE,18559795200.0,2.3610892295837402
NoPE,18616418304.0,2.321742534637451
NoPE,18798870528.0,2.31781005859375
NoPE,18852347904.0,2.3595123291015625
NoPE,19036372992.0,2.316840648651123
NoPE,19039518720.0,2.329329490661621
NoPE,19066257408.0,2.3504559993743896
NoPE,19107151872.0,2.358928680419922
NoPE,19115016192.0,2.3518130779266357
NoPE,19207815168.0,2.3650147914886475
NoPE,19286458368.0,2.357809543609619
NoPE,19297468416.0,2.3665778636932373
NoPE,19336790016.0,2.320823907852173
NoPE,19391840256.0,2.334061622619629
NoPE,19453181952.0,2.3767173290252686
NoPE,19553845248.0,2.305521011352539
NoPE,19563282432.0,2.3456318378448486
NoPE,19668664320.0,2.3755087852478027
NoPE,19785056256.0,2.367140769958496
NoPE,19901448192.0,2.344132900238037
NoPE,20041433088.0,2.3103485107421875
NoPE,20116930560.0,2.3505783081054688
NoPE,20230176768.0,2.336416244506836
NoPE,20293091328.0,2.3284082412719727
NoPE,20390608896.0,2.3483476638793945
NoPE,20450377728.0,2.34089994430542
NoPE,20568342528.0,2.318427085876465
NoPE,20711473152.0,2.300654411315918
NoPE,20768096256.0,2.3293285369873047
NoPE,20805844992.0,2.3422741889953613
NoPE,20868759552.0,2.3405003547668457
NoPE,20928528384.0,2.3198695182800293
NoPE,21161312256.0,2.3285813331604004
NoPE,21191196672.0,2.33663272857666
NoPE,21480603648.0,2.333678722381592
NoPE,21549809664.0,2.333979606628418
NoPE,21551382528.0,2.2904844284057617
NoPE,21584412672.0,2.361753463745117
NoPE,21608005632.0,2.305530071258545
NoPE,21710241792.0,2.359070301055908
NoPE,21821915136.0,2.3068346977233887
NoPE,21925724160.0,2.302058219909668
NoPE,21949317120.0,2.3270485401153564
NoPE,21996503040.0,2.3542470932006836
NoPE,22098739200.0,2.31058931350708
NoPE,22141206528.0,2.35652494430542
NoPE,22204121088.0,2.3114562034606934
NoPE,22229286912.0,2.3465538024902344
NoPE,22325231616.0,2.345292091369629
NoPE,22326804480.0,2.3122308254241943
NoPE,22373990400.0,2.302891254425049
NoPE,22383427584.0,2.3114542961120605
NoPE,22413312000.0,2.2926926612854004
NoPE,22499819520.0,2.3266239166259766
NoPE,22535995392.0,2.3004016876220703
NoPE,22578462720.0,2.2778754234313965
NoPE,22602055680.0,2.3123624324798584
NoPE,22806528000.0,2.3177456855773926
NoPE,22883598336.0,2.272307872772217
NoPE,22919774208.0,2.2856030464172363
NoPE,22946512896.0,2.3060355186462402
NoPE,22976397312.0,2.316441059112549
NoPE,23125819392.0,2.303950309753418
NoPE,23217045504.0,2.2954134941101074
NoPE,23341301760.0,2.319064140319824
NoPE,23375904768.0,2.294726848602295
NoPE,23578804224.0,2.289724349975586
NoPE,23629135872.0,2.3056366443634033
NoPE,23660593152.0,2.296722888946533
NoPE,23839899648.0,2.288790225982666
NoPE,23920115712.0,2.3235669136047363
NoPE,23950000128.0,2.3098526000976562
NoPE,24077402112.0,2.314584732055664
NoPE,24233115648.0,2.3033106327056885
NoPE,24248844288.0,2.3465261459350586
NoPE,24487919616.0,2.3038110733032227
NoPE,24645206016.0,2.3260655403137207
NoPE,24742723584.0,2.277733087539673
NoPE,24893718528.0,2.325976848602295
NoPE,24977080320.0,2.270763635635376
NoPE,25161105408.0,2.2981488704681396
NoPE,25165824000.0,2.3094611167907715
NoPE,25172115456.0,2.302888870239258
NoPE,25195708416.0,2.3117501735687256
NoPE,25384452096.0,2.288649559020996
NoPE,25392316416.0,2.279730796813965
NoPE,25842155520.0,2.3021793365478516
NoPE,25978994688.0,2.283717632293701
NoPE,25991577600.0,2.281677722930908
NoPE,26229080064.0,2.25534725189209
NoPE,26299858944.0,2.268474578857422
NoPE,26433552384.0,2.269318103790283
NoPE,26447708160.0,2.2885642051696777
NoPE,26460291072.0,2.2903504371643066
NoPE,26516914176.0,2.28324294090271
NoPE,26600275968.0,2.253323554992676
NoPE,26855079936.0,2.281238079071045
NoPE,26906984448.0,2.298923969268799
NoPE,26941587456.0,2.2646236419677734
NoPE,27153924096.0,2.269275665283203
NoPE,27249868800.0,2.3018994331359863
NoPE,27328512000.0,2.2739429473876953
NoPE,27674542080.0,2.2676281929016113
NoPE,27740602368.0,2.261626720428467
NoPE,27756331008.0,2.28564190864563
NoPE,27825537024.0,2.2716634273529053
NoPE,27919908864.0,2.3010592460632324
NoPE,27974959104.0,2.2837467193603516
NoPE,28015853568.0,2.2762744426727295
NoPE,28100788224.0,2.2855191230773926
NoPE,28149547008.0,2.295860767364502
NoPE,28204597248.0,2.271629810333252
NoPE,28231335936.0,2.249295234680176
NoPE,28327280640.0,2.2722244262695312
NoPE,28358737920.0,2.2615184783935547
NoPE,28393340928.0,2.2714223861694336
NoPE,28508160000.0,2.249995708465576
NoPE,28629270528.0,2.277174949645996
NoPE,28729933824.0,2.2909200191497803
NoPE,28807004160.0,2.2855677604675293
NoPE,28816441344.0,2.265397787094116
NoPE,28862054400.0,2.2740044593811035
NoPE,28956426240.0,2.235502243041992
NoPE,29061808128.0,2.2437520027160645
NoPE,29222240256.0,2.2885148525238037
NoPE,29270999040.0,2.2670087814331055
NoPE,29308747776.0,2.3039355278015137
NoPE,29340205056.0,2.250713348388672
NoPE,29360652288.0,2.2560033798217773
NoPE,29362225152.0,2.273035764694214
NoPE,29377953792.0,2.295257091522217
NoPE,29458169856.0,2.236976385116577
NoPE,29478617088.0,2.258458137512207
NoPE,29656350720.0,2.2767271995544434
NoPE,29719265280.0,2.2602171897888184
NoPE,29857677312.0,2.2599222660064697
NoPE,29868687360.0,2.245731830596924
NoPE,29873405952.0,2.2260236740112305
NoPE,29952049152.0,2.292985200881958
NoPE,30162812928.0,2.272402286529541
NoPE,30354702336.0,2.2668678760528564
NoPE,30554456064.0,2.2620432376861572
NoPE,30560747520.0,2.2576262950897217
NoPE,30571757568.0,2.2405037879943848
NoPE,30952390656.0,2.241391658782959
NoPE,31108104192.0,2.3035271167755127
NoPE,31122259968.0,2.2669172286987305
NoPE,31183601664.0,2.240750789642334
NoPE,31208767488.0,2.2484312057495117
NoPE,31240224768.0,2.2582521438598633
NoPE,31279546368.0,2.2515337467193604
NoPE,31384928256.0,2.239083766937256
NoPE,31386501120.0,2.2335963249206543
NoPE,31422676992.0,2.2692935466766357
NoPE,31600410624.0,2.2173123359680176
NoPE,31614566400.0,2.2267255783081055
NoPE,31647596544.0,2.2646965980529785
NoPE,31751405568.0,2.230198860168457
NoPE,31804882944.0,2.2485804557800293
NoPE,31841058816.0,2.2495687007904053
NoPE,31911837696.0,2.2268733978271484
NoPE,31927566336.0,2.2271628379821777
NoPE,31941722112.0,2.2351369857788086
NoPE,31943294976.0,2.2345476150512695
NoPE,31952732160.0,2.2562503814697266
NoPE,32018792448.0,2.2395856380462646
NoPE,32050249728.0,2.2237548828125
NoPE,32127320064.0,2.215773820877075
NoPE,32528400384.0,2.1972298622131348
NoPE,32605470720.0,2.2302708625793457
NoPE,32709279744.0,2.2474074363708496
NoPE,32781631488.0,2.2291247844696045
NoPE,32898023424.0,2.239691734313965
NoPE,32953073664.0,2.254307270050049
NoPE,33133953024.0,2.245778799057007
NoPE,33292812288.0,2.263723850250244
NoPE,33506721792.0,2.2580575942993164
NoPE,33601093632.0,2.2174460887908936
NoPE,33632550912.0,2.2571935653686523
NoPE,33651425280.0,2.2264962196350098
NoPE,33797701632.0,2.216221809387207
NoPE,33973862400.0,2.2243568897247314
NoPE,34010038272.0,2.2464680671691895
NoPE,34049359872.0,2.2564430236816406
NoPE,34065088512.0,2.2170445919036865
NoPE,34142158848.0,2.2337288856506348
NoPE,34238103552.0,2.2549352645874023
NoPE,34242822144.0,2.2510509490966797
NoPE,34294726656.0,2.271209239959717
NoPE,34308882432.0,2.2296299934387207
NoPE,34321465344.0,2.221977472305298
NoPE,34345058304.0,2.225816488265991
NoPE,34720972800.0,2.255427360534668
NoPE,35123625984.0,2.221184015274048
NoPE,35170811904.0,2.2181005477905273
NoPE,35213279232.0,2.2073071002960205
NoPE,35214852096.0,2.221947193145752
NoPE,35219570688.0,2.2302823066711426
NoPE,35424043008.0,2.2191476821899414
NoPE,35485384704.0,2.2424044609069824
NoPE,35490103296.0,2.235232353210449
NoPE,35697721344.0,2.1957969665527344
NoPE,35768500224.0,2.219942569732666
NoPE,36292263936.0,2.2484192848205566
NoPE,36317429760.0,2.234858512878418
NoPE,36514037760.0,2.2521610260009766
NoPE,36532912128.0,2.2259929180145264
NoPE,36600545280.0,2.1891636848449707
NoPE,36760977408.0,2.22575044631958
NoPE,36830183424.0,2.2372536659240723
NoPE,36910399488.0,2.2318646907806396
NoPE,36924555264.0,2.233144760131836
NoPE,37022072832.0,2.2167909145355225
NoPE,37165203456.0,2.1874284744262695
NoPE,37228118016.0,2.226639747619629
NoPE,37294178304.0,2.247194766998291
NoPE,37297324032.0,2.2152042388916016
NoPE,37330354176.0,2.2137398719787598
NoPE,37404278784.0,2.2292189598083496
NoPE,37424726016.0,2.2182860374450684
NoPE,37596168192.0,2.2054080963134766
NoPE,37937479680.0,2.213853359222412
NoPE,38071173120.0,2.2158658504486084
NoPE,38256771072.0,2.2001943588256836
NoPE,38266208256.0,2.2219738960266113
NoPE,38437650432.0,2.182595729827881
NoPE,38462816256.0,2.238250970840454
NoPE,38538313728.0,2.2452235221862793
NoPE,38612238336.0,2.2575154304504395
NoPE,38711328768.0,2.2105064392089844
NoPE,38783680512.0,2.213669776916504
NoPE,38794690560.0,2.224000930786133
NoPE,38889062400.0,2.202833652496338
NoPE,38907936768.0,2.2142229080200195
NoPE,38933102592.0,2.2327895164489746
NoPE,39040057344.0,2.1856465339660645
NoPE,39098253312.0,2.2104105949401855
NoPE,39286996992.0,2.203380584716797
NoPE,39296434176.0,2.215409278869629
NoPE,39327891456.0,2.207777976989746
NoPE,39472594944.0,2.2216529846191406
NoPE,39557529600.0,2.195024251937866
NoPE,39570112512.0,2.223087787628174
NoPE,39628308480.0,2.219137191772461
NoPE,39755710464.0,2.205963611602783
NoPE,39842217984.0,2.2391462326049805
NoPE,39931871232.0,2.225740909576416
NoPE,39986921472.0,2.1987783908843994
NoPE,40015233024.0,2.2069151401519775
NoPE,40166227968.0,2.21624755859375
NoPE,40219705344.0,2.226649761199951
NoPE,40251162624.0,2.208458185195923
NoPE,40254308352.0,2.2434020042419434
NoPE,40274755584.0,2.2577767372131348
NoPE,40483946496.0,2.2249667644500732
NoPE,40612921344.0,2.1856465339660645
NoPE,40874016768.0,2.216688632965088
NoPE,40907046912.0,2.2244668006896973
NoPE,40952659968.0,2.25101900100708
NoPE,41004564480.0,2.248603343963623
NoPE,41231056896.0,2.232968807220459
NoPE,41257795584.0,2.209977388381958
NoPE,41378906112.0,2.2256646156311035
NoPE,41463840768.0,2.222257614135742
NoPE,41503162368.0,2.2243919372558594
NoPE,41724936192.0,2.2195348739624023
NoPE,41817735168.0,2.2209181785583496
NoPE,41899524096.0,2.2003440856933594
NoPE,41940418560.0,2.2085928916931152
NoPE,42074112000.0,2.2346482276916504
NoPE,42143318016.0,2.1942267417907715
NoPE,42346217472.0,2.2355313301086426
NoPE,42479910912.0,2.220794677734375
NoPE,42635624448.0,2.2284862995147705
NoPE,42643488768.0,2.220156669616699
NoPE,42745724928.0,2.2049527168273926
NoPE,42877845504.0,2.196709394454956
NoPE,42991091712.0,2.1676759719848633
NoPE,43020976128.0,2.1959118843078613
NoPE,43138940928.0,2.1993050575256348
NoPE,43231739904.0,2.191969633102417
NoPE,43266342912.0,2.200138568878174
NoPE,43722473472.0,2.191340923309326
NoPE,43786960896.0,2.182021141052246
NoPE,43950538752.0,2.2494027614593506
NoPE,44002443264.0,2.209965467453003
NoPE,44016599040.0,2.2176156044006348
NoPE,44068503552.0,2.1831798553466797
NoPE,44118835200.0,2.1945924758911133
NoPE,44282413056.0,2.240344524383545
NoPE,44318588928.0,2.2002501487731934
NoPE,44379930624.0,2.183037281036377
NoPE,44471156736.0,2.227832317352295
NoPE,44647317504.0,2.20025634765625
NoPE,44768428032.0,2.1987645626068115
NoPE,44782583808.0,2.1823277473449707
NoPE,44799885312.0,2.2277870178222656
NoPE,44878528512.0,2.17275333404541
NoPE,45013794816.0,2.1662635803222656
NoPE,45049970688.0,2.220376491546631
NoPE,45090865152.0,2.180311679840088
NoPE,45199392768.0,2.1923375129699707
NoPE,45340950528.0,2.208221912384033
NoPE,45377126400.0,2.16190242767334
NoPE,45433749504.0,2.1823811531066895
NoPE,45502955520.0,2.1865081787109375
NoPE,45535985664.0,2.189436674118042
NoPE,45605191680.0,2.2211403846740723
NoPE,45748322304.0,2.1705520153045654
NoPE,45817528320.0,2.198996067047119
NoPE,45919764480.0,2.189706325531006
NoPE,46029864960.0,2.1834487915039062
NoPE,46281523200.0,2.1946370601654053
NoPE,46462402560.0,2.1903910636901855
NoPE,46479704064.0,2.21195125579834
NoPE,46548910080.0,2.1914749145507812
NoPE,46580367360.0,2.209923267364502
NoPE,46603960320.0,2.2126448154449463
NoPE,46632271872.0,2.193969488143921
NoPE,46633844736.0,2.202503204345703
NoPE,46836744192.0,2.197841167449951
NoPE,46852472832.0,2.225017786026001
NoPE,47129296896.0,2.190378427505493
NoPE,47130869760.0,2.2195353507995605
NoPE,47159181312.0,2.2177300453186035
NoPE + doc masking,58195968.0,9.440803527832031
NoPE + doc masking,202899456.0,6.986407279968262
NoPE + doc masking,295698432.0,6.308223724365234
NoPE + doc masking,297271296.0,6.244089126586914
NoPE + doc masking,341311488.0,6.091439723968506
NoPE + doc masking,567803904.0,5.230363845825195
NoPE + doc masking,828899328.0,4.469639301300049
NoPE + doc masking,1063256064.0,3.8535187244415283
NoPE + doc masking,1123024896.0,3.7537851333618164
NoPE + doc masking,1185939456.0,3.7116618156433105
NoPE + doc masking,1255145472.0,3.617046594619751
NoPE + doc masking,1270874112.0,3.5894570350646973
NoPE + doc masking,1354235904.0,3.521385669708252
NoPE + doc masking,1491075072.0,3.4586033821105957
NoPE + doc masking,1558708224.0,3.4438376426696777
NoPE + doc masking,1706557440.0,3.3200387954711914
NoPE + doc masking,1752170496.0,3.2872962951660156
NoPE + doc masking,1988100096.0,3.17171573638916
NoPE + doc masking,2093481984.0,3.1990885734558105
NoPE + doc masking,2112356352.0,3.125755786895752
NoPE + doc masking,2389180416.0,3.1051557064056396
NoPE + doc masking,2404909056.0,3.037423610687256
NoPE + doc masking,2411200512.0,3.0497140884399414
NoPE + doc masking,2623537152.0,3.055032253265381
NoPE + doc masking,2629828608.0,2.9782073497772217
NoPE + doc masking,2639265792.0,3.0058846473693848
NoPE + doc masking,2677014528.0,3.043435573577881
NoPE + doc masking,2730491904.0,3.01025390625
NoPE + doc masking,2750939136.0,2.9968175888061523
NoPE + doc masking,2864185344.0,2.959061622619629
NoPE + doc masking,2947547136.0,2.9858274459838867
NoPE + doc masking,2961702912.0,2.955019474029541
NoPE + doc masking,2967994368.0,2.9308111667633057
NoPE + doc masking,3027763200.0,2.9560723304748535
NoPE + doc masking,3057647616.0,2.98040771484375
NoPE + doc masking,3073376256.0,2.9727017879486084
NoPE + doc masking,3107979264.0,2.934372663497925
NoPE + doc masking,3263692800.0,2.8893842697143555
NoPE + doc masking,3378511872.0,2.8753092288970947
NoPE + doc masking,3465019392.0,2.8660473823547363
NoPE + doc masking,3493330944.0,2.8790624141693115
NoPE + doc masking,3527933952.0,2.85465145111084
NoPE + doc masking,3601858560.0,2.881760835647583
NoPE + doc masking,3686793216.0,2.8422837257385254
NoPE + doc masking,3866099712.0,2.848904609680176
NoPE + doc masking,3936878592.0,2.779365301132202
NoPE + doc masking,4065853440.0,2.795729160308838
NoPE + doc masking,4188536832.0,2.784965991973877
NoPE + doc masking,4191682560.0,2.7441787719726562
NoPE + doc masking,4212129792.0,2.8014795780181885
NoPE + doc masking,4243587072.0,2.7367103099823
NoPE + doc masking,4298637312.0,2.741305351257324
NoPE + doc masking,4481089536.0,2.744575023651123
NoPE + doc masking,4547149824.0,2.748443126678467
NoPE + doc masking,4668260352.0,2.721836805343628
NoPE + doc masking,4690280448.0,2.6944565773010254
NoPE + doc masking,4817682432.0,2.6701085567474365
NoPE + doc masking,4860149760.0,2.714785099029541
NoPE + doc masking,5103943680.0,2.6939616203308105
NoPE + doc masking,5168431104.0,2.6702091693878174
NoPE + doc masking,5272240128.0,2.678170680999756
NoPE + doc masking,5426380800.0,2.6762115955352783
NoPE + doc masking,5429526528.0,2.6468067169189453
NoPE + doc masking,5545918464.0,2.615300178527832
NoPE + doc masking,5869928448.0,2.654682159423828
NoPE + doc masking,6294601728.0,2.6211276054382324
NoPE + doc masking,6297747456.0,2.616636276245117
NoPE + doc masking,6439305216.0,2.592649459838867
NoPE + doc masking,6535249920.0,2.6075644493103027
NoPE + doc masking,6604455936.0,2.6298837661743164
NoPE + doc masking,6705119232.0,2.611605167388916
NoPE + doc masking,6925320192.0,2.5726170539855957
NoPE + doc masking,6989807616.0,2.5667314529418945
NoPE + doc masking,7030702080.0,2.5779366493225098
NoPE + doc masking,7246184448.0,2.5416617393493652
NoPE + doc masking,7335837696.0,2.5624568462371826
NoPE + doc masking,7497842688.0,2.6053285598754883
NoPE + doc masking,7628390400.0,2.5348615646362305
NoPE + doc masking,7791968256.0,2.5491466522216797
NoPE + doc masking,7842299904.0,2.5336923599243164
NoPE + doc masking,7897350144.0,2.5332159996032715
NoPE + doc masking,7933526016.0,2.567983627319336
NoPE + doc masking,7961837568.0,2.5680160522460938
NoPE + doc masking,8133279744.0,2.4989895820617676
NoPE + doc masking,8304721920.0,2.5364298820495605
NoPE + doc masking,8460435456.0,2.5288376808166504
NoPE + doc masking,8660189184.0,2.486581802368164
NoPE + doc masking,8886681600.0,2.504699945449829
NoPE + doc masking,8949596160.0,2.519136428833008
NoPE + doc masking,9037676544.0,2.5191407203674316
NoPE + doc masking,9412018176.0,2.4680066108703613
NoPE + doc masking,9515827200.0,2.472048282623291
NoPE + doc masking,9578741760.0,2.4931399822235107
NoPE + doc masking,9618063360.0,2.5065860748291016
NoPE + doc masking,9674686464.0,2.4926273822784424
NoPE + doc masking,9767485440.0,2.46311616897583
NoPE + doc masking,10113515520.0,2.417971611022949
NoPE + doc masking,10245636096.0,2.485680103302002
NoPE + doc masking,10291249152.0,2.471043109893799
NoPE + doc masking,10366746624.0,2.479910373687744
NoPE + doc masking,10520887296.0,2.4694457054138184
NoPE + doc masking,10547625984.0,2.4608888626098633
NoPE + doc masking,10619977728.0,2.4639225006103516
NoPE + doc masking,10742661120.0,2.459170341491699
NoPE + doc masking,10827595776.0,2.4518558979034424
NoPE + doc masking,10956570624.0,2.4261083602905273
NoPE + doc masking,10972299264.0,2.4615235328674316
NoPE + doc masking,11013193728.0,2.4620890617370605
NoPE + doc masking,11027349504.0,2.441831111907959
NoPE + doc masking,11228676096.0,2.465451717376709
NoPE + doc masking,11277434880.0,2.4391961097717285
NoPE + doc masking,11480334336.0,2.46205997467041
NoPE + doc masking,11514937344.0,2.4384841918945312
NoPE + doc masking,11714691072.0,2.439499855041504
NoPE + doc masking,11728846848.0,2.4864296913146973
NoPE + doc masking,11860967424.0,2.4702248573303223
NoPE + doc masking,11930173440.0,2.413877010345459
NoPE + doc masking,11989942272.0,2.450441837310791
NoPE + doc masking,12145655808.0,2.4222216606140137
NoPE + doc masking,12203851776.0,2.431302070617676
NoPE + doc masking,12213288960.0,2.4302937984466553
NoPE + doc masking,12383158272.0,2.483260154724121
NoPE + doc masking,12384731136.0,2.4257426261901855
NoPE + doc masking,12543590400.0,2.419163703918457
NoPE + doc masking,12766937088.0,2.4000160694122314
NoPE + doc masking,12803112960.0,2.4136080741882324
NoPE + doc masking,12891193344.0,2.430255889892578
NoPE + doc masking,12921077760.0,2.3973441123962402
NoPE + doc masking,12930514944.0,2.4084486961364746
NoPE + doc masking,12990283776.0,2.4013967514038086
NoPE + doc masking,13079937024.0,2.417120933532715
NoPE + doc masking,13105102848.0,2.4295287132263184
NoPE + doc masking,13153861632.0,2.4255170822143555
NoPE + doc masking,13168017408.0,2.4419214725494385
NoPE + doc masking,13243514880.0,2.412590503692627
NoPE + doc masking,13245087744.0,2.4224178791046143
NoPE + doc masking,13270253568.0,2.3912954330444336
NoPE + doc masking,13290700800.0,2.439326763153076
NoPE + doc masking,13484163072.0,2.421114206314087
NoPE + doc masking,13649313792.0,2.38956880569458
NoPE + doc masking,13702791168.0,2.3783035278320312
NoPE + doc masking,13889961984.0,2.394346237182617
NoPE + doc masking,13907263488.0,2.40844988822937
NoPE + doc masking,13943439360.0,2.416409492492676
NoPE + doc masking,14077132800.0,2.381451368331909
NoPE + doc masking,14185660416.0,2.4187521934509277
NoPE + doc masking,14349238272.0,2.3544392585754395
NoPE + doc masking,14503378944.0,2.3793563842773438
NoPE + doc masking,14649655296.0,2.381490707397461
NoPE + doc masking,14929625088.0,2.357297420501709
NoPE + doc masking,15156117504.0,2.367140769958496
NoPE + doc masking,15170273280.0,2.3859620094299316
NoPE + doc masking,15303966720.0,2.381678581237793
NoPE + doc masking,15336996864.0,2.352065086364746
NoPE + doc masking,15714484224.0,2.3779401779174805
NoPE + doc masking,15731785728.0,2.3928723335266113
NoPE + doc masking,15827730432.0,2.3747451305389404
NoPE + doc masking,15992881152.0,2.3651444911956787
NoPE + doc masking,16033775616.0,2.368518114089966
NoPE + doc masking,16096690176.0,2.3825738430023193
NoPE + doc masking,16331046912.0,2.3852295875549316
NoPE + doc masking,16538664960.0,2.362982749938965
NoPE + doc masking,16604725248.0,2.374089241027832
NoPE + doc masking,16813916160.0,2.3551383018493652
NoPE + doc masking,16820207616.0,2.392164945602417
NoPE + doc masking,16878403584.0,2.3861303329467773
NoPE + doc masking,16909860864.0,2.3639941215515137
NoPE + doc masking,16969629696.0,2.383240222930908
NoPE + doc masking,17084448768.0,2.3632311820983887
NoPE + doc masking,17340825600.0,2.337301254272461
NoPE + doc masking,17391157248.0,2.3386952877044678
NoPE + doc masking,17614503936.0,2.3678994178771973
NoPE + doc masking,17754488832.0,2.3476145267486572
NoPE + doc masking,17796956160.0,2.4034907817840576
NoPE + doc masking,18067488768.0,2.3484277725219727
NoPE + doc masking,18215337984.0,2.378734827041626
NoPE + doc masking,18344312832.0,2.3605315685272217
NoPE + doc masking,18380488704.0,2.336325168609619
NoPE + doc masking,18408800256.0,2.3868627548217773
NoPE + doc masking,18418237440.0,2.3686282634735107
NoPE + doc masking,18581815296.0,2.3345258235931396
NoPE + doc masking,18844483584.0,2.3386476039886475
NoPE + doc masking,19248709632.0,2.315723180770874
NoPE + doc masking,19283312640.0,2.3653364181518555
NoPE + doc masking,19450036224.0,2.351126194000244
NoPE + doc masking,19475202048.0,2.3274030685424805
NoPE + doc masking,19520815104.0,2.3373427391052246
NoPE + doc masking,19527106560.0,2.334254503250122
NoPE + doc masking,19756744704.0,2.347538471221924
NoPE + doc masking,20052443136.0,2.3254823684692383
NoPE + doc masking,20159397888.0,2.3283770084381104
NoPE + doc masking,20360724480.0,2.3109593391418457
NoPE + doc masking,20536885248.0,2.3215694427490234
NoPE + doc masking,20812136448.0,2.3362467288970947
NoPE + doc masking,20835729408.0,2.360111951828003
NoPE + doc masking,20837302272.0,2.358006477355957
NoPE + doc masking,20904935424.0,2.3339293003082275
NoPE + doc masking,20915945472.0,2.340381145477295
NoPE + doc masking,20953694208.0,2.3227038383483887
NoPE + doc masking,21129854976.0,2.3040084838867188
NoPE + doc masking,21320171520.0,2.3105196952819824
NoPE + doc masking,21381513216.0,2.3164572715759277
NoPE + doc masking,21387804672.0,2.2899746894836426
NoPE + doc masking,21516779520.0,2.3147497177124023
NoPE + doc masking,21677211648.0,2.3097190856933594
NoPE + doc masking,21804613632.0,2.316713333129883
NoPE + doc masking,21905276928.0,2.3005447387695312
NoPE + doc masking,21939879936.0,2.3305606842041016
NoPE + doc masking,22133342208.0,2.3069474697113037
NoPE + doc masking,22134915072.0,2.3285465240478516
NoPE + doc masking,22268608512.0,2.307570457458496
NoPE + doc masking,22529703936.0,2.3137083053588867
NoPE + doc masking,22543859712.0,2.325773239135742
NoPE + doc masking,22718447616.0,2.331658124923706
NoPE + doc masking,23146266624.0,2.2961223125457764
NoPE + doc masking,23210754048.0,2.2780861854553223
NoPE + doc masking,23213899776.0,2.303652286529541
NoPE + doc masking,23369613312.0,2.3187918663024902
NoPE + doc masking,23397924864.0,2.3128132820129395
NoPE + doc masking,23506452480.0,2.3338027000427246
NoPE + doc masking,23605542912.0,2.3039565086364746
NoPE + doc masking,23632281600.0,2.2789154052734375
NoPE + doc masking,23638573056.0,2.3088903427124023
NoPE + doc masking,23681040384.0,2.2956013679504395
NoPE + doc masking,23687331840.0,2.309556722640991
NoPE + doc masking,23825743872.0,2.312807321548462
NoPE + doc masking,23855628288.0,2.3096728324890137
NoPE + doc masking,23871356928.0,2.319246768951416
NoPE + doc masking,23898095616.0,2.280482530593872
NoPE + doc masking,23940562944.0,2.2579030990600586
NoPE + doc masking,23989321728.0,2.2748429775238037
NoPE + doc masking,24000331776.0,2.300123691558838
NoPE + doc masking,24028643328.0,2.288846969604492
NoPE + doc masking,24060100608.0,2.301419258117676
NoPE + doc masking,24063246336.0,2.2972512245178223
NoPE + doc masking,24189075456.0,2.294696807861328
NoPE + doc masking,24195366912.0,2.3044066429138184
NoPE + doc masking,24349507584.0,2.296426773071289
NoPE + doc masking,24374673408.0,2.2619709968566895
NoPE + doc masking,24418713600.0,2.33627986907959
NoPE + doc masking,24826085376.0,2.308730363845825
NoPE + doc masking,24951914496.0,2.2884726524353027
NoPE + doc masking,24958205952.0,2.2960126399993896
NoPE + doc masking,24969216000.0,2.2865915298461914
NoPE + doc masking,25153241088.0,2.309446334838867
NoPE + doc masking,25208291328.0,2.316645622253418
NoPE + doc masking,25431638016.0,2.2944488525390625
NoPE + doc masking,25486688256.0,2.2929320335388184
NoPE + doc masking,25675431936.0,2.3262133598327637
NoPE + doc masking,25761939456.0,2.3105859756469727
NoPE + doc masking,25818562560.0,2.281873941421509
NoPE + doc masking,25821708288.0,2.3179309368133545
NoPE + doc masking,25842155520.0,2.300413131713867
NoPE + doc masking,25980567552.0,2.3075380325317383
NoPE + doc masking,26001014784.0,2.297743797302246
NoPE + doc masking,26023034880.0,2.2971997261047363
NoPE + doc masking,26034044928.0,2.2883358001708984
NoPE + doc masking,26038763520.0,2.3001673221588135
NoPE + doc masking,26089095168.0,2.2914881706237793
NoPE + doc masking,26159874048.0,2.2810521125793457
NoPE + doc masking,26196049920.0,2.310429096221924
NoPE + doc masking,26347044864.0,2.289834976196289
NoPE + doc masking,26438270976.0,2.278975486755371
NoPE + doc masking,26449281024.0,2.2971744537353516
NoPE + doc masking,26504331264.0,2.265700578689575
NoPE + doc masking,26581401600.0,2.26212739944458
NoPE + doc masking,26638024704.0,2.244764804840088
NoPE + doc masking,26711949312.0,2.263176679611206
NoPE + doc masking,26859798528.0,2.2718377113342285
NoPE + doc masking,26886537216.0,2.279130697250366
NoPE + doc masking,26955743232.0,2.2974939346313477
NoPE + doc masking,27007647744.0,2.2939343452453613
NoPE + doc masking,27015512064.0,2.2650222778320312
NoPE + doc masking,27046969344.0,2.2820053100585938
NoPE + doc masking,27083145216.0,2.2711663246154785
NoPE + doc masking,27141341184.0,2.2724556922912598
NoPE + doc masking,27191672832.0,2.3251829147338867
NoPE + doc masking,27221557248.0,2.2703018188476562
NoPE + doc masking,27345813504.0,2.282766103744507
NoPE + doc masking,27381989376.0,2.2430267333984375
NoPE + doc masking,27389853696.0,2.2845213413238525
NoPE + doc masking,27410300928.0,2.267401695251465
NoPE + doc masking,27515682816.0,2.2789621353149414
NoPE + doc masking,27696562176.0,2.2288694381713867
NoPE + doc masking,27858567168.0,2.2853407859802246
NoPE + doc masking,27924627456.0,2.287628650665283
NoPE + doc masking,28022145024.0,2.2417922019958496
NoPE + doc masking,28107079680.0,2.285521984100342
NoPE + doc masking,28283240448.0,2.307265281677246
NoPE + doc masking,28550627328.0,2.27197265625
NoPE + doc masking,28843180032.0,2.2569704055786133
NoPE + doc masking,28917104640.0,2.2759556770324707
NoPE + doc masking,28937551872.0,2.28940486907959
NoPE + doc masking,28983164928.0,2.2682127952575684
NoPE + doc masking,29042933760.0,2.2542572021484375
NoPE + doc masking,29245833216.0,2.2604379653930664
NoPE + doc masking,29269426176.0,2.2549209594726562
NoPE + doc masking,29415702528.0,2.270746946334839
NoPE + doc masking,29528948736.0,2.2312679290771484
NoPE + doc masking,29539958784.0,2.249180316925049
NoPE + doc masking,29700390912.0,2.277390480041504
NoPE + doc masking,29706682368.0,2.2305126190185547
NoPE + doc masking,29852958720.0,2.2867565155029297
NoPE + doc masking,29882843136.0,2.251997947692871
NoPE + doc masking,30027546624.0,2.2865028381347656
NoPE + doc masking,30076305408.0,2.2576546669006348
NoPE + doc masking,30126637056.0,2.250883102416992
NoPE + doc masking,30194270208.0,2.2806334495544434
NoPE + doc masking,30233591808.0,2.2355000972747803
NoPE + doc masking,30235164672.0,2.2642641067504883
NoPE + doc masking,30376722432.0,2.283938407897949
NoPE + doc masking,30460084224.0,2.251488447189331
NoPE + doc masking,30507270144.0,2.298952102661133
NoPE + doc masking,30590631936.0,2.268092632293701
NoPE + doc masking,30752636928.0,2.281879425048828
NoPE + doc masking,30886330368.0,2.2633275985717773
NoPE + doc masking,30895767552.0,2.2308461666107178
NoPE + doc masking,31389646848.0,2.2774384021759033
NoPE + doc masking,31416385536.0,2.2484335899353027
NoPE + doc masking,31479300096.0,2.285313606262207
NoPE + doc masking,31595692032.0,2.2753419876098633
NoPE + doc masking,31737249792.0,2.2128872871398926
NoPE + doc masking,31776571392.0,2.2304506301879883
NoPE + doc masking,31867797504.0,2.244274139404297
NoPE + doc masking,31944867840.0,2.241726875305176
NoPE + doc masking,31959023616.0,2.274137496948242
NoPE + doc masking,31963742208.0,2.194695472717285
NoPE + doc masking,32080134144.0,2.281370162963867
NoPE + doc masking,32143048704.0,2.2396836280822754
NoPE + doc masking,32350666752.0,2.2256383895874023
NoPE + doc masking,32367968256.0,2.296013355255127
NoPE + doc masking,32743882752.0,2.228081703186035
NoPE + doc masking,32789495808.0,2.255627155303955
NoPE + doc masking,32849264640.0,2.2176313400268555
NoPE + doc masking,32915324928.0,2.2650701999664307
NoPE + doc masking,32920043520.0,2.206244707107544
NoPE + doc masking,33248772096.0,2.2191686630249023
NoPE + doc masking,33332133888.0,2.2389090061187744
NoPE + doc masking,33475264512.0,2.2256321907043457
NoPE + doc masking,33530314752.0,2.2354788780212402
NoPE + doc masking,33544470528.0,2.232154130935669
NoPE + doc masking,33623113728.0,2.243420124053955
NoPE + doc masking,33752088576.0,2.2607407569885254
NoPE + doc masking,33802420224.0,2.251584053039551
NoPE + doc masking,33859043328.0,2.2748007774353027
NoPE + doc masking,33918812160.0,2.286500930786133
NoPE + doc masking,33972289536.0,2.25549054145813
NoPE + doc masking,34046214144.0,2.2366795539855957
NoPE + doc masking,34065088512.0,2.216259002685547
NoPE + doc masking,34079244288.0,2.2511441707611084
NoPE + doc masking,34134294528.0,2.234870433807373
NoPE + doc masking,34145304576.0,2.237602710723877
NoPE + doc masking,34249113600.0,2.22871994972229
NoPE + doc masking,34321465344.0,2.2217907905578613
NoPE + doc masking,34374942720.0,2.2093911170959473
NoPE + doc masking,34378088448.0,2.2401044368743896
NoPE + doc masking,34409545728.0,2.2282049655914307
NoPE + doc masking,34434711552.0,2.223569869995117
NoPE + doc masking,34632892416.0,2.232807159423828
NoPE + doc masking,34749284352.0,2.2071948051452637
NoPE + doc masking,34782314496.0,2.2266249656677246
NoPE + doc masking,34966339584.0,2.228487014770508
NoPE + doc masking,35111043072.0,2.2255959510803223
NoPE + doc masking,35129917440.0,2.2045745849609375
NoPE + doc masking,35167666176.0,2.239084243774414
NoPE + doc masking,35184967680.0,2.2890477180480957
NoPE + doc masking,35211706368.0,2.2381515502929688
NoPE + doc masking,35233726464.0,2.2316982746124268
NoPE + doc masking,35257319424.0,2.2218070030212402
NoPE + doc masking,35301359616.0,2.2199578285217285
NoPE + doc masking,35361128448.0,2.256002426147461
NoPE + doc masking,35642671104.0,2.2561349868774414
NoPE + doc masking,35729178624.0,2.2572216987609863
NoPE + doc masking,35875454976.0,2.2521703243255615
NoPE + doc masking,36059480064.0,2.1939873695373535
NoPE + doc masking,36090937344.0,2.2392523288726807
NoPE + doc masking,36095655936.0,2.233799457550049
NoPE + doc masking,36112957440.0,2.2086260318756104
NoPE + doc masking,36185309184.0,2.256991386413574
NoPE + doc masking,36300128256.0,2.2158310413360596
NoPE + doc masking,36339449856.0,2.2146198749542236
NoPE + doc masking,36348887040.0,2.2187023162841797
NoPE + doc masking,36353605632.0,2.233788013458252
NoPE + doc masking,36366188544.0,2.230257749557495
NoPE + doc masking,36433821696.0,2.245337724685669
NoPE + doc masking,36512464896.0,2.255716562271118
NoPE + doc masking,36521902080.0,2.2384421825408936
NoPE + doc masking,36591108096.0,2.2566254138946533
NoPE + doc masking,36643012608.0,2.2263333797454834
NoPE + doc masking,36654022656.0,2.24252986907959
NoPE + doc masking,36704354304.0,2.2317581176757812
NoPE + doc masking,36933992448.0,2.200763702392578
NoPE + doc masking,36959158272.0,2.2369720935821533
NoPE + doc masking,37073977344.0,2.228870153427124
NoPE + doc masking,37110153216.0,2.231191635131836
NoPE + doc masking,37173067776.0,2.2171380519866943
NoPE + doc masking,37289459712.0,2.185307025909424
NoPE + doc masking,37402705920.0,2.193756580352783
NoPE + doc masking,37879283712.0,2.206465721130371
NoPE + doc masking,38105776128.0,2.2276744842529297
NoPE + doc masking,38113640448.0,2.208698034286499
NoPE + doc masking,38313394176.0,2.206418514251709
NoPE + doc masking,38399901696.0,2.2074332237243652
NoPE + doc masking,38414057472.0,2.2186498641967773
NoPE + doc masking,38473826304.0,2.231700897216797
NoPE + doc masking,38513147904.0,2.2276856899261475
NoPE + doc masking,38896926720.0,2.208246946334839
NoPE + doc masking,38929956864.0,2.2151479721069336
NoPE + doc masking,38948831232.0,2.228487253189087
NoPE + doc masking,39005454336.0,2.2035269737243652
NoPE + doc masking,39066796032.0,2.1685328483581543
NoPE + doc masking,39077806080.0,2.2162952423095703
NoPE + doc masking,39095107584.0,2.197222948074341
NoPE + doc masking,39178469376.0,2.181784152984619
NoPE + doc masking,39205208064.0,2.1949875354766846
NoPE + doc masking,39398670336.0,2.1952085494995117
NoPE + doc masking,39403388928.0,2.262392997741699
NoPE + doc masking,39426981888.0,2.203714370727539
NoPE + doc masking,39618871296.0,2.1890358924865723
NoPE + doc masking,39631454208.0,2.1860885620117188
NoPE + doc masking,39711670272.0,2.220902442932129
NoPE + doc masking,40002650112.0,2.2310690879821777
NoPE + doc masking,40150499328.0,2.2051024436950684
NoPE + doc masking,40310931456.0,2.211254835128784
NoPE + doc masking,40314077184.0,2.2508368492126465
NoPE + doc masking,40394293248.0,2.2032711505889893
NoPE + doc masking,40559443968.0,2.2317748069763184
NoPE + doc masking,40561016832.0,2.2121686935424805
NoPE + doc masking,40628649984.0,2.191527843475342
NoPE + doc masking,40631795712.0,2.219820737838745
NoPE + doc masking,40801665024.0,2.215306282043457
NoPE + doc masking,40866152448.0,2.1990041732788086
NoPE + doc masking,40925921280.0,2.196107864379883
NoPE + doc masking,41040740352.0,2.1952290534973145
NoPE + doc masking,41067479040.0,2.1977598667144775
NoPE + doc masking,41278242816.0,2.1866414546966553
NoPE + doc masking,41304981504.0,2.1981325149536133
NoPE + doc masking,41572368384.0,2.1646342277526855
NoPE + doc masking,41592815616.0,2.225280284881592
NoPE + doc masking,41885368320.0,2.1968512535095215
NoPE + doc masking,41901096960.0,2.204592227935791
NoPE + doc masking,41941991424.0,2.233851909637451
NoPE + doc masking,42030071808.0,2.2223010063171387
NoPE + doc masking,42223534080.0,2.20729398727417
NoPE + doc masking,42239262720.0,2.1962978839874268
NoPE + doc masking,42429579264.0,2.197463035583496
NoPE + doc masking,42503503872.0,2.1613433361053467
NoPE + doc masking,42545971200.0,2.2209553718566895
NoPE + doc masking,42561699840.0,2.211737632751465
NoPE + doc masking,42599448576.0,2.204699993133545
NoPE + doc masking,42656071680.0,2.19301700592041
NoPE + doc masking,42769317888.0,2.1926698684692383
NoPE + doc masking,42858971136.0,2.225677490234375
NoPE + doc masking,43008393216.0,2.1782124042510986
NoPE + doc masking,43327684608.0,2.1812195777893066
NoPE + doc masking,43407900672.0,2.196699619293213
NoPE + doc masking,43508563968.0,2.2246828079223633
NoPE + doc masking,43609227264.0,2.196843147277832
NoPE + doc masking,43631247360.0,2.1672186851501465
NoPE + doc masking,43744493568.0,2.1940550804138184
NoPE + doc masking,43988287488.0,2.1753392219543457
NoPE + doc masking,44125126656.0,2.2017340660095215
NoPE + doc masking,44243091456.0,2.2129554748535156
NoPE + doc masking,44290277376.0,2.1931304931640625
NoPE + doc masking,44294995968.0,2.1993913650512695
NoPE + doc masking,44312297472.0,2.2002193927764893
NoPE + doc masking,44392513536.0,2.1863114833831787
NoPE + doc masking,44499468288.0,2.1860742568969727
NoPE + doc masking,44680347648.0,2.214038372039795
NoPE + doc masking,44716523520.0,2.1731815338134766
NoPE + doc masking,44774719488.0,2.1804070472717285
NoPE + doc masking,44850216960.0,2.197033166885376
NoPE + doc masking,45045252096.0,2.2078192234039307
NoPE + doc masking,45049970688.0,2.2193219661712646
NoPE + doc masking,45105020928.0,2.1910476684570312
NoPE + doc masking,45109739520.0,2.1804709434509277
NoPE + doc masking,45278035968.0,2.1817116737365723
NoPE + doc masking,45296910336.0,2.2087650299072266
NoPE + doc masking,45778206720.0,2.2152509689331055
NoPE + doc masking,45787643904.0,2.1969399452209473
NoPE + doc masking,45951221760.0,2.2013888359069824
NoPE + doc masking,45993689088.0,2.172807455062866
NoPE + doc masking,46004699136.0,2.1809513568878174
NoPE + doc masking,46042447872.0,2.1785004138946533
NoPE + doc masking,46100643840.0,2.2174997329711914
NoPE + doc masking,46163558400.0,2.1894450187683105
NoPE + doc masking,46193442816.0,2.20552396774292
NoPE + doc masking,46323990528.0,2.160161018371582
NoPE + doc masking,46456111104.0,2.1526145935058594
NoPE + doc masking,46541045760.0,2.2235372066497803
NoPE + doc masking,46566211584.0,2.203160524368286
NoPE + doc masking,46681030656.0,2.1796813011169434
NoPE + doc masking,46721925120.0,2.1915555000305176
NoPE + doc masking,46750236672.0,2.1973061561584473
NoPE + doc masking,46772256768.0,2.232605218887329
NoPE + doc masking,46934261760.0,2.1899359226226807
NoPE + doc masking,46998749184.0,2.196986198425293
NoPE + doc masking,47005040640.0,2.189877986907959
NoPE + doc masking,47009759232.0,2.206650733947754
NoPE + doc masking,47138734080.0,2.184887170791626
