"train/global_step","grpo-SmollM3-3B-GRPO-no-think-v18.00 - _step","grpo-SmollM3-3B-GRPO-no-think-v18.00 - _step__MIN","grpo-SmollM3-3B-GRPO-no-think-v18.00 - _step__MAX","grpo-SmollM3-3B-GRPO-no-think-v18.00 - train/reward","grpo-SmollM3-3B-GRPO-no-think-v18.00 - train/reward__MIN","grpo-SmollM3-3B-GRPO-no-think-v18.00 - train/reward__MAX"
"1","54","54","54","0.2265625","0.2265625","0.2265625"
"2","110","110","110","0.375","0.375","0.375"
"3","166","166","166","0.2890625","0.2890625","0.2890625"
"4","222","222","222","0.2734375","0.2734375","0.2734375"
"5","278","278","278","0.28125","0.28125","0.28125"
"6","334","334","334","0.40625","0.40625","0.40625"
"7","390","390","390","0.2734375","0.2734375","0.2734375"
"8","446","446","446","0.4609375","0.4609375","0.4609375"
"9","502","502","502","0.41263580322265625","0.41263580322265625","0.41263580322265625"
"10","558","558","558","0.453125","0.453125","0.453125"
"11","614","614","614","0.5625","0.5625","0.5625"
"12","670","670","670","0.4921875","0.4921875","0.4921875"
"13","726","726","726","0.1015625","0.1015625","0.1015625"
"14","782","782","782","0.1640625","0.1640625","0.1640625"
"15","838","838","838","0.8125","0.8125","0.8125"
"16","894","894","894","0.4765625","0.4765625","0.4765625"
"17","950","950","950","0.4921875","0.4921875","0.4921875"
"18","1006","1006","1006","0.578125","0.578125","0.578125"
"19","1062","1062","1062","0.4140625","0.4140625","0.4140625"
"20","1118","1118","1118","0.3984375","0.3984375","0.3984375"
"21","1174","1174","1174","0.390625","0.390625","0.390625"
"22","1230","1230","1230","0.6328125","0.6328125","0.6328125"
"23","1286","1286","1286","0.4453125","0.4453125","0.4453125"
"24","1342","1342","1342","0.3203125","0.3203125","0.3203125"
"25","1398","1398","1398","0.53125","0.53125","0.53125"
"26","1454","1454","1454","0.59375","0.59375","0.59375"
"27","1510","1510","1510","0.421875","0.421875","0.421875"
"28","1566","1566","1566","0.5390625","0.5390625","0.5390625"
"29","1622","1622","1622","0.5546875","0.5546875","0.5546875"
"30","1678","1678","1678","0.4921875","0.4921875","0.4921875"
"31","1734","1734","1734","0.7511215209960938","0.7511215209960938","0.7511215209960938"
"32","1790","1790","1790","0.546875","0.546875","0.546875"
"33","1846","1846","1846","0.39366912841796875","0.39366912841796875","0.39366912841796875"
"34","1902","1902","1902","0.6015625","0.6015625","0.6015625"
"35","1958","1958","1958","0.3236541748046875","0.3236541748046875","0.3236541748046875"
"36","2014","2014","2014","0.6373672485351562","0.6373672485351562","0.6373672485351562"
"37","2070","2070","2070","0.4453125","0.4453125","0.4453125"
"38","2126","2126","2126","0.32482147216796875","0.32482147216796875","0.32482147216796875"
"39","2182","2182","2182","0.5431976318359375","0.5431976318359375","0.5431976318359375"
"40","2238","2238","2238","0.4296875","0.4296875","0.4296875"
"41","2294","2294","2294","0.6484375","0.6484375","0.6484375"
"42","2350","2350","2350","0.5475311279296875","0.5475311279296875","0.5475311279296875"
"43","2406","2406","2406","0.578125","0.578125","0.578125"
"44","2462","2462","2462","0.75","0.75","0.75"
"45","2518","2518","2518","0.5362396240234375","0.5362396240234375","0.5362396240234375"
"46","2574","2574","2574","0.6252593994140625","0.6252593994140625","0.6252593994140625"
"47","2630","2630","2630","0.5703125","0.5703125","0.5703125"
"48","2686","2686","2686","0.5511322021484375","0.5511322021484375","0.5511322021484375"
"49","2742","2742","2742","0.56427001953125","0.56427001953125","0.56427001953125"
"50","2798","2798","2798","0.7578125","0.7578125","0.7578125"
"51","2854","2854","2854","0.77984619140625","0.77984619140625","0.77984619140625"
"52","2910","2910","2910","0.6235504150390625","0.6235504150390625","0.6235504150390625"
"53","2966","2966","2966","0.556732177734375","0.556732177734375","0.556732177734375"
"54","3022","3022","3022","0.4378204345703125","0.4378204345703125","0.4378204345703125"
"55","3078","3078","3078","0.5390625","0.5390625","0.5390625"
"56","3134","3134","3134","0.4921875","0.4921875","0.4921875"
"57","3190","3190","3190","0.6875","0.6875","0.6875"
"58","3246","3246","3246","0.6641845703125","0.6641845703125","0.6641845703125"
"59","3302","3302","3302","0.6103286743164062","0.6103286743164062","0.6103286743164062"
"60","3358","3358","3358","0.7734375","0.7734375","0.7734375"
"61","3414","3414","3414","0.625","0.625","0.625"
"62","3470","3470","3470","0.84375","0.84375","0.84375"
"63","3526","3526","3526","0.6015625","0.6015625","0.6015625"
"64","3582","3582","3582","0.4147796630859375","0.4147796630859375","0.4147796630859375"
"65","3638","3638","3638","0.6464614868164062","0.6464614868164062","0.6464614868164062"
"66","3694","3694","3694","0.5234375","0.5234375","0.5234375"
"67","3750","3750","3750","0.35021209716796875","0.35021209716796875","0.35021209716796875"
"68","3806","3806","3806","0.8046875","0.8046875","0.8046875"
"69","3862","3862","3862","0.8474044799804688","0.8474044799804688","0.8474044799804688"
"70","3918","3918","3918","0.640625","0.640625","0.640625"
"71","3974","3974","3974","0.4539947509765625","0.4539947509765625","0.4539947509765625"
"72","4030","4030","4030","0.5878829956054688","0.5878829956054688","0.5878829956054688"
"73","4086","4086","4086","0.39238739013671875","0.39238739013671875","0.39238739013671875"
"74","4142","4142","4142","0.5330429077148438","0.5330429077148438","0.5330429077148438"
"75","4198","4198","4198","0.5802764892578125","0.5802764892578125","0.5802764892578125"
"76","4254","4254","4254","0.512939453125","0.512939453125","0.512939453125"
"77","4310","4310","4310","0.5308761596679688","0.5308761596679688","0.5308761596679688"
"78","4366","4366","4366","0.5851974487304688","0.5851974487304688","0.5851974487304688"
"79","4422","4422","4422","0.49640655517578125","0.49640655517578125","0.49640655517578125"
"80","4478","4478","4478","0.578125","0.578125","0.578125"
"81","4534","4534","4534","0.5663833618164062","0.5663833618164062","0.5663833618164062"
"82","4590","4590","4590","0.6267242431640625","0.6267242431640625","0.6267242431640625"
"83","4646","4646","4646","0.7890625","0.7890625","0.7890625"
"84","4702","4702","4702","0.8359375","0.8359375","0.8359375"
"85","4758","4758","4758","0.6422042846679688","0.6422042846679688","0.6422042846679688"
"86","4814","4814","4814","0.40301513671875","0.40301513671875","0.40301513671875"
"87","4870","4870","4870","0.7436981201171875","0.7436981201171875","0.7436981201171875"
"88","4926","4926","4926","0.72357177734375","0.72357177734375","0.72357177734375"
"89","4982","4982","4982","0.6569290161132812","0.6569290161132812","0.6569290161132812"
"90","5038","5038","5038","0.5859375","0.5859375","0.5859375"
"91","5094","5094","5094","0.30936431884765625","0.30936431884765625","0.30936431884765625"
"92","5150","5150","5150","0.6301803588867188","0.6301803588867188","0.6301803588867188"
"93","5206","5206","5206","0.45306396484375","0.45306396484375","0.45306396484375"
"94","5262","5262","5262","0.70550537109375","0.70550537109375","0.70550537109375"
"95","5318","5318","5318","0.6124267578125","0.6124267578125","0.6124267578125"
"96","5374","5374","5374","0.9375","0.9375","0.9375"
"97","5430","5430","5430","0.832611083984375","0.832611083984375","0.832611083984375"
"98","5486","5486","5486","0.6310501098632812","0.6310501098632812","0.6310501098632812"
"99","5542","5542","5542","0.36264801025390625","0.36264801025390625","0.36264801025390625"
"100","5598","5598","5598","0.7209930419921875","0.7209930419921875","0.7209930419921875"
"101","5654","5654","5654","0.5385894775390625","0.5385894775390625","0.5385894775390625"
"102","5710","5710","5710","0.7953567504882812","0.7953567504882812","0.7953567504882812"
"103","5766","5766","5766","0.796875","0.796875","0.796875"
"104","5822","5822","5822","0.5805816650390625","0.5805816650390625","0.5805816650390625"
"105","5878","5878","5878","0.6439361572265625","0.6439361572265625","0.6439361572265625"
"106","5934","5934","5934","0.46875","0.46875","0.46875"
"107","5990","5990","5990","0.47966766357421875","0.47966766357421875","0.47966766357421875"
"108","6046","6046","6046","0.6593704223632812","0.6593704223632812","0.6593704223632812"
"109","6102","6102","6102","0.6574020385742188","0.6574020385742188","0.6574020385742188"
"110","6158","6158","6158","0.8828125","0.8828125","0.8828125"
"111","6214","6214","6214","0.8203125","0.8203125","0.8203125"
"112","6270","6270","6270","0.6243972778320312","0.6243972778320312","0.6243972778320312"
"113","6326","6326","6326","0.6300811767578125","0.6300811767578125","0.6300811767578125"
"114","6382","6382","6382","0.8671875","0.8671875","0.8671875"
"115","6438","6438","6438","0.7114105224609375","0.7114105224609375","0.7114105224609375"
"116","6494","6494","6494","0.9112472534179688","0.9112472534179688","0.9112472534179688"
"117","6550","6550","6550","0.7340927124023438","0.7340927124023438","0.7340927124023438"
"118","6606","6606","6606","0.5224227905273438","0.5224227905273438","0.5224227905273438"
"119","6662","6662","6662","0.6457138061523438","0.6457138061523438","0.6457138061523438"
"120","6718","6718","6718","0.8291854858398438","0.8291854858398438","0.8291854858398438"
"121","6774","6774","6774","0.58514404296875","0.58514404296875","0.58514404296875"
"122","6830","6830","6830","0.75042724609375","0.75042724609375","0.75042724609375"
"123","6886","6886","6886","0.71875","0.71875","0.71875"
"124","6942","6942","6942","0.9140625","0.9140625","0.9140625"
"125","6998","6998","6998","0.7734375","0.7734375","0.7734375"
"126","7054","7054","7054","0.953125","0.953125","0.953125"
"127","7110","7110","7110","0.8046875","0.8046875","0.8046875"
"128","7166","7166","7166","0.6080474853515625","0.6080474853515625","0.6080474853515625"
"129","7222","7222","7222","0.683624267578125","0.683624267578125","0.683624267578125"
"130","7278","7278","7278","0.5078125","0.5078125","0.5078125"
"131","7334","7334","7334","0.78125","0.78125","0.78125"
"132","7390","7390","7390","0.6173324584960938","0.6173324584960938","0.6173324584960938"
"133","7446","7446","7446","0.609375","0.609375","0.609375"
"134","7502","7502","7502","0.5655899047851562","0.5655899047851562","0.5655899047851562"
"135","7558","7558","7558","0.6761703491210938","0.6761703491210938","0.6761703491210938"
"136","7614","7614","7614","0.796875","0.796875","0.796875"
"137","7670","7670","7670","0.6965484619140625","0.6965484619140625","0.6965484619140625"
"138","7726","7726","7726","0.6484375","0.6484375","0.6484375"
"139","7782","7782","7782","0.6402740478515625","0.6402740478515625","0.6402740478515625"
"140","7838","7838","7838","0.8193435668945312","0.8193435668945312","0.8193435668945312"
"141","7894","7894","7894","0.6926498413085938","0.6926498413085938","0.6926498413085938"
"142","7950","7950","7950","0.875","0.875","0.875"
"143","8006","8006","8006","0.703125","0.703125","0.703125"
"144","8062","8062","8062","0.699493408203125","0.699493408203125","0.699493408203125"
"145","8118","8118","8118","0.8125","0.8125","0.8125"
"146","8174","8174","8174","0.36705780029296875","0.36705780029296875","0.36705780029296875"
"147","8230","8230","8230","0.7066574096679688","0.7066574096679688","0.7066574096679688"
"148","8286","8286","8286","0.828125","0.828125","0.828125"
"149","8342","8342","8342","0.921875","0.921875","0.921875"
"150","8398","8398","8398","0.6008071899414062","0.6008071899414062","0.6008071899414062"
"151","8454","8454","8454","0.828125","0.828125","0.828125"
"152","8510","8510","8510","0.8170547485351562","0.8170547485351562","0.8170547485351562"
"153","8566","8566","8566","0.6032943725585938","0.6032943725585938","0.6032943725585938"
"154","8622","8622","8622","0.8992767333984375","0.8992767333984375","0.8992767333984375"
"155","8678","8678","8678","0.9140625","0.9140625","0.9140625"
"156","8734","8734","8734","0.641387939453125","0.641387939453125","0.641387939453125"
"157","8790","8790","8790","0.6027984619140625","0.6027984619140625","0.6027984619140625"
"158","8846","8846","8846","0.43546295166015625","0.43546295166015625","0.43546295166015625"
"159","8902","8902","8902","0.45597076416015625","0.45597076416015625","0.45597076416015625"
"160","8958","8958","8958","0.713897705078125","0.713897705078125","0.713897705078125"
"161","9014","9014","9014","0.8359375","0.8359375","0.8359375"
"162","9070","9070","9070","0.6953125","0.6953125","0.6953125"
"163","9126","9126","9126","0.75","0.75","0.75"
"164","9182","9182","9182","0.8350448608398438","0.8350448608398438","0.8350448608398438"
"165","9238","9238","9238","0.7406692504882812","0.7406692504882812","0.7406692504882812"
"166","9294","9294","9294","0.7265625","0.7265625","0.7265625"
"167","9350","9350","9350","0.767669677734375","0.767669677734375","0.767669677734375"
"168","9406","9406","9406","0.6134033203125","0.6134033203125","0.6134033203125"
"169","9462","9462","9462","0.7578125","0.7578125","0.7578125"
"170","9518","9518","9518","0.6442337036132812","0.6442337036132812","0.6442337036132812"
"171","9574","9574","9574","0.6843643188476562","0.6843643188476562","0.6843643188476562"
"172","9630","9630","9630","0.9296875","0.9296875","0.9296875"
"173","9686","9686","9686","0.8125","0.8125","0.8125"
"174","9742","9742","9742","0.8203125","0.8203125","0.8203125"
"175","9798","9798","9798","0.6271438598632812","0.6271438598632812","0.6271438598632812"
"176","9854","9854","9854","0.890625","0.890625","0.890625"
"177","9910","9910","9910","0.6164093017578125","0.6164093017578125","0.6164093017578125"
"178","9966","9966","9966","0.6302108764648438","0.6302108764648438","0.6302108764648438"
"179","10022","10022","10022","0.78125","0.78125","0.78125"
"180","10078","10078","10078","0.7285690307617188","0.7285690307617188","0.7285690307617188"
"181","10134","10134","10134","0.5538787841796875","0.5538787841796875","0.5538787841796875"
"182","10190","10190","10190","0.7498092651367188","0.7498092651367188","0.7498092651367188"
"183","10246","10246","10246","0.8466567993164062","0.8466567993164062","0.8466567993164062"
"184","10302","10302","10302","0.7365798950195312","0.7365798950195312","0.7365798950195312"
"185","10358","10358","10358","0.7265625","0.7265625","0.7265625"
"186","10414","10414","10414","0.6447525024414062","0.6447525024414062","0.6447525024414062"
"187","10470","10470","10470","0.7326431274414062","0.7326431274414062","0.7326431274414062"
"188","10526","10526","10526","0.8672103881835938","0.8672103881835938","0.8672103881835938"
"189","10582","10582","10582","0.77166748046875","0.77166748046875","0.77166748046875"
"190","10638","10638","10638","0.631072998046875","0.631072998046875","0.631072998046875"
"191","10694","10694","10694","0.63006591796875","0.63006591796875","0.63006591796875"
"192","10750","10750","10750","0.7265625","0.7265625","0.7265625"
"193","10806","10806","10806","0.73681640625","0.73681640625","0.73681640625"
"194","10862","10862","10862","0.950927734375","0.950927734375","0.950927734375"
"195","10918","10918","10918","0.7798538208007812","0.7798538208007812","0.7798538208007812"
"196","10974","10974","10974","0.6466903686523438","0.6466903686523438","0.6466903686523438"
"197","11030","11030","11030","0.885589599609375","0.885589599609375","0.885589599609375"
"198","11086","11086","11086","0.719818115234375","0.719818115234375","0.719818115234375"
"199","11142","11142","11142","0.71875","0.71875","0.71875"
"200","11198","11198","11198","0.6041488647460938","0.6041488647460938","0.6041488647460938"
"201","11254","11254","11254","0.9144363403320312","0.9144363403320312","0.9144363403320312"
"202","11310","11310","11310","0.6540603637695312","0.6540603637695312","0.6540603637695312"
"203","11366","11366","11366","0.5516738891601562","0.5516738891601562","0.5516738891601562"
"204","11422","11422","11422","0.7734375","0.7734375","0.7734375"
"205","11478","11478","11478","0.7177047729492188","0.7177047729492188","0.7177047729492188"
"206","11534","11534","11534","0.652069091796875","0.652069091796875","0.652069091796875"
"207","11590","11590","11590","0.9010238647460938","0.9010238647460938","0.9010238647460938"
"208","11646","11646","11646","0.7866744995117188","0.7866744995117188","0.7866744995117188"
"209","11702","11702","11702","0.6343307495117188","0.6343307495117188","0.6343307495117188"
"210","11758","11758","11758","0.8214340209960938","0.8214340209960938","0.8214340209960938"
"211","11814","11814","11814","0.7222824096679688","0.7222824096679688","0.7222824096679688"
"212","11870","11870","11870","0.7734375","0.7734375","0.7734375"
"213","11926","11926","11926","0.6438980102539062","0.6438980102539062","0.6438980102539062"
"214","11982","11982","11982","0.7891921997070312","0.7891921997070312","0.7891921997070312"
"215","12038","12038","12038","0.7908935546875","0.7908935546875","0.7908935546875"
"216","12094","12094","12094","0.8125","0.8125","0.8125"
"217","12150","12150","12150","0.7109375","0.7109375","0.7109375"
"218","12206","12206","12206","0.859375","0.859375","0.859375"
"219","12262","12262","12262","0.7734375","0.7734375","0.7734375"
"220","12318","12318","12318","0.7464981079101562","0.7464981079101562","0.7464981079101562"
"221","12374","12374","12374","0.6943817138671875","0.6943817138671875","0.6943817138671875"
"222","12430","12430","12430","0.7421875","0.7421875","0.7421875"
"223","12486","12486","12486","0.7890625","0.7890625","0.7890625"
"224","12542","12542","12542","0.7313613891601562","0.7313613891601562","0.7313613891601562"
"225","12598","12598","12598","0.8125","0.8125","0.8125"
"226","12654","12654","12654","0.8558425903320312","0.8558425903320312","0.8558425903320312"
"227","12710","12710","12710","0.7421875","0.7421875","0.7421875"
"228","12766","12766","12766","0.609375","0.609375","0.609375"
"229","12822","12822","12822","0.8046875","0.8046875","0.8046875"
"230","12878","12878","12878","0.4647216796875","0.4647216796875","0.4647216796875"
"231","12934","12934","12934","0.640625","0.640625","0.640625"
"232","12990","12990","12990","0.8262100219726562","0.8262100219726562","0.8262100219726562"
"233","13046","13046","13046","0.4765625","0.4765625","0.4765625"
"234","13102","13102","13102","0.7779464721679688","0.7779464721679688","0.7779464721679688"
"235","13158","13158","13158","0.6640625","0.6640625","0.6640625"
"236","13214","13214","13214","0.8094253540039062","0.8094253540039062","0.8094253540039062"
"237","13270","13270","13270","0.7494888305664062","0.7494888305664062","0.7494888305664062"
"238","13326","13326","13326","0.63543701171875","0.63543701171875","0.63543701171875"
"239","13382","13382","13382","0.8587265014648438","0.8587265014648438","0.8587265014648438"
"240","13438","13438","13438","0.84375","0.84375","0.84375"
"241","13494","13494","13494","0.9765625","0.9765625","0.9765625"
"242","13550","13550","13550","0.75","0.75","0.75"
"243","13606","13606","13606","0.777374267578125","0.777374267578125","0.777374267578125"
"244","13662","13662","13662","0.6943283081054688","0.6943283081054688","0.6943283081054688"
"245","13718","13718","13718","0.8184814453125","0.8184814453125","0.8184814453125"
"246","13774","13774","13774","0.7712020874023438","0.7712020874023438","0.7712020874023438"
"247","13830","13830","13830","0.9217453002929688","0.9217453002929688","0.9217453002929688"
"248","13886","13886","13886","0.8638076782226562","0.8638076782226562","0.8638076782226562"
"249","13942","13942","13942","0.9575653076171875","0.9575653076171875","0.9575653076171875"
"250","13998","13998","13998","0.9453125","0.9453125","0.9453125"
"251","14054","14054","14054","0.6825714111328125","0.6825714111328125","0.6825714111328125"
"252","14110","14110","14110","0.7509613037109375","0.7509613037109375","0.7509613037109375"
"253","14166","14166","14166","0.7365951538085938","0.7365951538085938","0.7365951538085938"
"254","14222","14222","14222","0.7871322631835938","0.7871322631835938","0.7871322631835938"
"255","14278","14278","14278","0.7098770141601562","0.7098770141601562","0.7098770141601562"
"256","14334","14334","14334","0.6438522338867188","0.6438522338867188","0.6438522338867188"
"257","14390","14390","14390","0.927520751953125","0.927520751953125","0.927520751953125"
"258","14446","14446","14446","0.765625","0.765625","0.765625"
"259","14502","14502","14502","0.6544952392578125","0.6544952392578125","0.6544952392578125"
"260","14558","14558","14558","0.921875","0.921875","0.921875"
"261","14614","14614","14614","0.8984375","0.8984375","0.8984375"
"262","14670","14670","14670","0.796875","0.796875","0.796875"
"263","14726","14726","14726","0.96875","0.96875","0.96875"
"264","14782","14782","14782","0.5964736938476562","0.5964736938476562","0.5964736938476562"
"265","14838","14838","14838","0.96875","0.96875","0.96875"
"266","14894","14894","14894","0.79473876953125","0.79473876953125","0.79473876953125"
"267","14950","14950","14950","0.9268951416015625","0.9268951416015625","0.9268951416015625"
"268","15006","15006","15006","0.6470565795898438","0.6470565795898438","0.6470565795898438"
"269","15062","15062","15062","0.8080978393554688","0.8080978393554688","0.8080978393554688"
"270","15118","15118","15118","0.8735809326171875","0.8735809326171875","0.8735809326171875"
"271","15174","15174","15174","0.864593505859375","0.864593505859375","0.864593505859375"
"272","15230","15230","15230","0.8581466674804688","0.8581466674804688","0.8581466674804688"
"273","15286","15286","15286","0.8291549682617188","0.8291549682617188","0.8291549682617188"
"274","15342","15342","15342","0.609222412109375","0.609222412109375","0.609222412109375"
"275","15398","15398","15398","0.7235565185546875","0.7235565185546875","0.7235565185546875"
"276","15454","15454","15454","0.8359375","0.8359375","0.8359375"
"277","15510","15510","15510","0.7574691772460938","0.7574691772460938","0.7574691772460938"
"278","15566","15566","15566","0.827911376953125","0.827911376953125","0.827911376953125"
"279","15622","15622","15622","0.6867446899414062","0.6867446899414062","0.6867446899414062"
"280","15678","15678","15678","0.87091064453125","0.87091064453125","0.87091064453125"
"281","15734","15734","15734","0.828125","0.828125","0.828125"
"282","15790","15790","15790","0.759796142578125","0.759796142578125","0.759796142578125"
"283","15846","15846","15846","0.5421295166015625","0.5421295166015625","0.5421295166015625"
"284","15902","15902","15902","0.7625198364257812","0.7625198364257812","0.7625198364257812"
"285","15958","15958","15958","0.5790939331054688","0.5790939331054688","0.5790939331054688"
"286","16014","16014","16014","0.5608367919921875","0.5608367919921875","0.5608367919921875"
"287","16070","16070","16070","0.6788482666015625","0.6788482666015625","0.6788482666015625"
"288","16126","16126","16126","0.585845947265625","0.585845947265625","0.585845947265625"
"289","16182","16182","16182","0.8702468872070312","0.8702468872070312","0.8702468872070312"
"290","16238","16238","16238","0.6619186401367188","0.6619186401367188","0.6619186401367188"
"291","16294","16294","16294","0.65753173828125","0.65753173828125","0.65753173828125"
"292","16350","16350","16350","0.67529296875","0.67529296875","0.67529296875"
"293","16406","16406","16406","0.6167678833007812","0.6167678833007812","0.6167678833007812"
"294","16462","16462","16462","0.796875","0.796875","0.796875"
"295","16518","16518","16518","0.6393890380859375","0.6393890380859375","0.6393890380859375"
"296","16574","16574","16574","0.8116073608398438","0.8116073608398438","0.8116073608398438"
"297","16630","16630","16630","0.8046875","0.8046875","0.8046875"
"298","16686","16686","16686","0.609375","0.609375","0.609375"
"299","16742","16742","16742","0.8046875","0.8046875","0.8046875"
"300","16798","16798","16798","0.8130416870117188","0.8130416870117188","0.8130416870117188"
"301","16854","16854","16854","0.6906585693359375","0.6906585693359375","0.6906585693359375"
"302","16910","16910","16910","0.96875","0.96875","0.96875"
"303","16966","16966","16966","0.8523788452148438","0.8523788452148438","0.8523788452148438"
"304","17022","17022","17022","0.821868896484375","0.821868896484375","0.821868896484375"
"305","17078","17078","17078","0.6750946044921875","0.6750946044921875","0.6750946044921875"
"306","17134","17134","17134","0.7569732666015625","0.7569732666015625","0.7569732666015625"
"307","17190","17190","17190","0.8508682250976562","0.8508682250976562","0.8508682250976562"
"308","17246","17246","17246","0.798187255859375","0.798187255859375","0.798187255859375"
"309","17302","17302","17302","0.7890625","0.7890625","0.7890625"
"310","17358","17358","17358","0.90625","0.90625","0.90625"
"311","17414","17414","17414","0.619354248046875","0.619354248046875","0.619354248046875"
"312","17470","17470","17470","0.962310791015625","0.962310791015625","0.962310791015625"
"313","17526","17526","17526","0.78125","0.78125","0.78125"
"314","17582","17582","17582","0.6752777099609375","0.6752777099609375","0.6752777099609375"
"315","17638","17638","17638","0.85394287109375","0.85394287109375","0.85394287109375"
"316","17694","17694","17694","0.7898178100585938","0.7898178100585938","0.7898178100585938"
"317","17750","17750","17750","0.6387100219726562","0.6387100219726562","0.6387100219726562"
"318","17806","17806","17806","0.8431167602539062","0.8431167602539062","0.8431167602539062"
"319","17862","17862","17862","0.8828125","0.8828125","0.8828125"
"320","17918","17918","17918","0.7973556518554688","0.7973556518554688","0.7973556518554688"
"321","17974","17974","17974","0.8671875","0.8671875","0.8671875"
"322","18030","18030","18030","0.7944183349609375","0.7944183349609375","0.7944183349609375"
"323","18086","18086","18086","0.5633087158203125","0.5633087158203125","0.5633087158203125"
"324","18142","18142","18142","0.7366943359375","0.7366943359375","0.7366943359375"
"325","18198","18198","18198","0.7013626098632812","0.7013626098632812","0.7013626098632812"
"326","18254","18254","18254","0.7553482055664062","0.7553482055664062","0.7553482055664062"
"327","18310","18310","18310","0.8234176635742188","0.8234176635742188","0.8234176635742188"
"328","18366","18366","18366","0.6784896850585938","0.6784896850585938","0.6784896850585938"
"329","18422","18422","18422","0.984375","0.984375","0.984375"
"330","18478","18478","18478","0.6202163696289062","0.6202163696289062","0.6202163696289062"
"331","18534","18534","18534","0.7649078369140625","0.7649078369140625","0.7649078369140625"
"332","18590","18590","18590","0.6406021118164062","0.6406021118164062","0.6406021118164062"
"333","18646","18646","18646","0.7677688598632812","0.7677688598632812","0.7677688598632812"
"334","18702","18702","18702","0.9564971923828125","0.9564971923828125","0.9564971923828125"
"335","18758","18758","18758","0.8671875","0.8671875","0.8671875"
"336","18814","18814","18814","0.8452224731445312","0.8452224731445312","0.8452224731445312"
"337","18870","18870","18870","0.63232421875","0.63232421875","0.63232421875"
"338","18926","18926","18926","0.7938613891601562","0.7938613891601562","0.7938613891601562"
"339","18982","18982","18982","0.6221389770507812","0.6221389770507812","0.6221389770507812"
"340","19038","19038","19038","0.7848892211914062","0.7848892211914062","0.7848892211914062"
"341","19094","19094","19094","0.7829818725585938","0.7829818725585938","0.7829818725585938"
"342","19150","19150","19150","0.8960418701171875","0.8960418701171875","0.8960418701171875"
"343","19206","19206","19206","0.7014694213867188","0.7014694213867188","0.7014694213867188"
"344","19262","19262","19262","0.7046661376953125","0.7046661376953125","0.7046661376953125"
"345","19318","19318","19318","0.7769317626953125","0.7769317626953125","0.7769317626953125"
"346","19374","19374","19374","0.9126968383789062","0.9126968383789062","0.9126968383789062"
"347","19430","19430","19430","0.952362060546875","0.952362060546875","0.952362060546875"
"348","19486","19486","19486","0.6403884887695312","0.6403884887695312","0.6403884887695312"
"349","19542","19542","19542","0.9375","0.9375","0.9375"
"350","19598","19598","19598","0.890625","0.890625","0.890625"
"351","19654","19654","19654","0.77130126953125","0.77130126953125","0.77130126953125"
"352","19710","19710","19710","0.7176589965820312","0.7176589965820312","0.7176589965820312"
"353","19766","19766","19766","0.8381271362304688","0.8381271362304688","0.8381271362304688"
"354","19822","19822","19822","0.7883987426757812","0.7883987426757812","0.7883987426757812"
"355","19878","19878","19878","0.6345138549804688","0.6345138549804688","0.6345138549804688"
"356","19934","19934","19934","0.8130645751953125","0.8130645751953125","0.8130645751953125"
"357","19990","19990","19990","0.7832260131835938","0.7832260131835938","0.7832260131835938"
"358","20046","20046","20046","0.77484130859375","0.77484130859375","0.77484130859375"
"359","20102","20102","20102","0.8645095825195312","0.8645095825195312","0.8645095825195312"
"360","20158","20158","20158","0.8515625","0.8515625","0.8515625"
"361","20214","20214","20214","0.734161376953125","0.734161376953125","0.734161376953125"
"362","20270","20270","20270","0.7421875","0.7421875","0.7421875"
"363","20326","20326","20326","0.763702392578125","0.763702392578125","0.763702392578125"
"364","20382","20382","20382","0.6383132934570312","0.6383132934570312","0.6383132934570312"
"365","20438","20438","20438","0.8539047241210938","0.8539047241210938","0.8539047241210938"
"366","20494","20494","20494","0.9682083129882812","0.9682083129882812","0.9682083129882812"
"367","20550","20550","20550","0.90625","0.90625","0.90625"
"368","20606","20606","20606","0.649017333984375","0.649017333984375","0.649017333984375"
"369","20662","20662","20662","0.761962890625","0.761962890625","0.761962890625"
"370","20718","20718","20718","0.5604934692382812","0.5604934692382812","0.5604934692382812"
"371","20774","20774","20774","0.89105224609375","0.89105224609375","0.89105224609375"
"372","20830","20830","20830","0.859375","0.859375","0.859375"
"373","20886","20886","20886","0.6822586059570312","0.6822586059570312","0.6822586059570312"
"374","20942","20942","20942","0.7160797119140625","0.7160797119140625","0.7160797119140625"
"375","20998","20998","20998","0.7246246337890625","0.7246246337890625","0.7246246337890625"
"376","21054","21054","21054","0.84375","0.84375","0.84375"
"377","21110","21110","21110","0.5684280395507812","0.5684280395507812","0.5684280395507812"
"378","21166","21166","21166","0.9140625","0.9140625","0.9140625"
"379","21222","21222","21222","0.6796875","0.6796875","0.6796875"
"380","21278","21278","21278","0.9375","0.9375","0.9375"
"381","21334","21334","21334","0.8334503173828125","0.8334503173828125","0.8334503173828125"
"382","21390","21390","21390","1","1","1"
"383","21446","21446","21446","0.7564849853515625","0.7564849853515625","0.7564849853515625"
"384","21502","21502","21502","0.8276748657226562","0.8276748657226562","0.8276748657226562"
"385","21558","21558","21558","0.8359375","0.8359375","0.8359375"
"386","21614","21614","21614","0.7265625","0.7265625","0.7265625"
"387","21670","21670","21670","0.765625","0.765625","0.765625"
"388","21726","21726","21726","0.6640625","0.6640625","0.6640625"
"389","21782","21782","21782","0.8203125","0.8203125","0.8203125"
"390","21838","21838","21838","0.8203125","0.8203125","0.8203125"
"391","21894","21894","21894","0.591552734375","0.591552734375","0.591552734375"
"392","21950","21950","21950","0.671875","0.671875","0.671875"
"393","22006","22006","22006","0.71875","0.71875","0.71875"
"394","22062","22062","22062","0.7421875","0.7421875","0.7421875"
"395","22118","22118","22118","0.828125","0.828125","0.828125"
"396","22174","22174","22174","0.9042510986328125","0.9042510986328125","0.9042510986328125"
"397","22230","22230","22230","0.65625","0.65625","0.65625"
"398","22286","22286","22286","0.828125","0.828125","0.828125"
"399","22342","22342","22342","0.734375","0.734375","0.734375"
"400","22398","22398","22398","0.9140625","0.9140625","0.9140625"
"401","22454","22454","22454","0.7028350830078125","0.7028350830078125","0.7028350830078125"
"402","22510","22510","22510","0.7650222778320312","0.7650222778320312","0.7650222778320312"
"403","22566","22566","22566","0.8828125","0.8828125","0.8828125"
"404","22622","22622","22622","0.84375","0.84375","0.84375"
"405","22678","22678","22678","0.8268585205078125","0.8268585205078125","0.8268585205078125"
"406","22734","22734","22734","0.7890625","0.7890625","0.7890625"
"407","22790","22790","22790","0.671417236328125","0.671417236328125","0.671417236328125"
"408","22846","22846","22846","0.8203125","0.8203125","0.8203125"
"409","22902","22902","22902","0.8140945434570312","0.8140945434570312","0.8140945434570312"
"410","22958","22958","22958","0.9453125","0.9453125","0.9453125"
"411","23014","23014","23014","0.96875","0.96875","0.96875"
"412","23070","23070","23070","0.72149658203125","0.72149658203125","0.72149658203125"
"413","23126","23126","23126","0.859375","0.859375","0.859375"
"414","23182","23182","23182","0.96875","0.96875","0.96875"
"415","23238","23238","23238","0.6328125","0.6328125","0.6328125"
"416","23294","23294","23294","0.8016510009765625","0.8016510009765625","0.8016510009765625"
"417","23350","23350","23350","0.7860107421875","0.7860107421875","0.7860107421875"
"418","23406","23406","23406","0.875","0.875","0.875"
"419","23462","23462","23462","0.73333740234375","0.73333740234375","0.73333740234375"
"420","23518","23518","23518","0.78125","0.78125","0.78125"
"421","23574","23574","23574","0.7444381713867188","0.7444381713867188","0.7444381713867188"
"422","23630","23630","23630","0.8514328002929688","0.8514328002929688","0.8514328002929688"
"423","23686","23686","23686","0.6484375","0.6484375","0.6484375"
"424","23742","23742","23742","0.5343704223632812","0.5343704223632812","0.5343704223632812"
"425","23798","23798","23798","0.7104721069335938","0.7104721069335938","0.7104721069335938"
"426","23854","23854","23854","0.8983917236328125","0.8983917236328125","0.8983917236328125"
"427","23910","23910","23910","0.84375","0.84375","0.84375"
"428","23966","23966","23966","0.9765625","0.9765625","0.9765625"
"429","24022","24022","24022","0.8046875","0.8046875","0.8046875"
"430","24078","24078","24078","0.84375","0.84375","0.84375"
"431","24134","24134","24134","0.7257614135742188","0.7257614135742188","0.7257614135742188"
"432","24190","24190","24190","0.5817413330078125","0.5817413330078125","0.5817413330078125"
"433","24246","24246","24246","0.87713623046875","0.87713623046875","0.87713623046875"
"434","24302","24302","24302","0.953125","0.953125","0.953125"
"435","24358","24358","24358","0.757354736328125","0.757354736328125","0.757354736328125"
"436","24414","24414","24414","0.796875","0.796875","0.796875"
"437","24470","24470","24470","0.8203125","0.8203125","0.8203125"
"438","24526","24526","24526","0.7486190795898438","0.7486190795898438","0.7486190795898438"
"439","24582","24582","24582","0.7492523193359375","0.7492523193359375","0.7492523193359375"
"440","24638","24638","24638","0.8203125","0.8203125","0.8203125"
"441","24694","24694","24694","0.78125","0.78125","0.78125"
"442","24750","24750","24750","0.8811187744140625","0.8811187744140625","0.8811187744140625"
"443","24806","24806","24806","0.7391433715820312","0.7391433715820312","0.7391433715820312"
"444","24862","24862","24862","0.8805160522460938","0.8805160522460938","0.8805160522460938"
"445","24918","24918","24918","0.578125","0.578125","0.578125"
"446","24974","24974","24974","0.7293701171875","0.7293701171875","0.7293701171875"
"447","25030","25030","25030","0.796875","0.796875","0.796875"
"448","25086","25086","25086","0.7265625","0.7265625","0.7265625"
"449","25142","25142","25142","0.8110275268554688","0.8110275268554688","0.8110275268554688"
"450","25198","25198","25198","0.96875","0.96875","0.96875"
"451","25254","25254","25254","0.8203125","0.8203125","0.8203125"
"452","25310","25310","25310","0.7758331298828125","0.7758331298828125","0.7758331298828125"
"453","25366","25366","25366","0.890625","0.890625","0.890625"
"454","25422","25422","25422","0.9921875","0.9921875","0.9921875"
"455","25478","25478","25478","0.6664886474609375","0.6664886474609375","0.6664886474609375"
"456","25534","25534","25534","0.953125","0.953125","0.953125"
"457","25590","25590","25590","0.90283203125","0.90283203125","0.90283203125"
"458","25646","25646","25646","0.859375","0.859375","0.859375"
"459","25702","25702","25702","0.6937408447265625","0.6937408447265625","0.6937408447265625"
"460","25758","25758","25758","0.7091064453125","0.7091064453125","0.7091064453125"
"461","25814","25814","25814","0.6221694946289062","0.6221694946289062","0.6221694946289062"
"462","25870","25870","25870","0.7347183227539062","0.7347183227539062","0.7347183227539062"
"463","25926","25926","25926","0.9049224853515625","0.9049224853515625","0.9049224853515625"
"464","25982","25982","25982","0.7423934936523438","0.7423934936523438","0.7423934936523438"
"465","26038","26038","26038","0.8384323120117188","0.8384323120117188","0.8384323120117188"
"466","26094","26094","26094","0.87847900390625","0.87847900390625","0.87847900390625"
"467","26150","26150","26150","0.8203125","0.8203125","0.8203125"
"468","26206","26206","26206","0.8671875","0.8671875","0.8671875"
"469","26262","26262","26262","0.81646728515625","0.81646728515625","0.81646728515625"
"470","26318","26318","26318","0.859375","0.859375","0.859375"
"471","26374","26374","26374","0.6967086791992188","0.6967086791992188","0.6967086791992188"
"472","26430","26430","26430","0.9453125","0.9453125","0.9453125"
"473","26486","26486","26486","0.7516860961914062","0.7516860961914062","0.7516860961914062"
"474","26542","26542","26542","0.9921875","0.9921875","0.9921875"
"475","26598","26598","26598","0.93597412109375","0.93597412109375","0.93597412109375"
"476","26654","26654","26654","0.9453125","0.9453125","0.9453125"
"477","26710","26710","26710","0.8020782470703125","0.8020782470703125","0.8020782470703125"
"478","26766","26766","26766","0.8984375","0.8984375","0.8984375"
"479","26822","26822","26822","0.6307144165039062","0.6307144165039062","0.6307144165039062"
"480","26878","26878","26878","0.8822784423828125","0.8822784423828125","0.8822784423828125"
"481","26934","26934","26934","0.7603988647460938","0.7603988647460938","0.7603988647460938"
"482","26990","26990","26990","0.8661041259765625","0.8661041259765625","0.8661041259765625"
"483","27046","27046","27046","0.8081436157226562","0.8081436157226562","0.8081436157226562"
"484","27102","27102","27102","0.7366790771484375","0.7366790771484375","0.7366790771484375"
"485","27158","27158","27158","0.8845443725585938","0.8845443725585938","0.8845443725585938"
"486","27214","27214","27214","0.7421875","0.7421875","0.7421875"
"487","27270","27270","27270","0.5185546875","0.5185546875","0.5185546875"
"488","27326","27326","27326","0.9035720825195312","0.9035720825195312","0.9035720825195312"
"489","27382","27382","27382","1","1","1"
"490","27438","27438","27438","0.9595489501953125","0.9595489501953125","0.9595489501953125"
"491","27494","27494","27494","0.6544570922851562","0.6544570922851562","0.6544570922851562"
"492","27550","27550","27550","0.7795486450195312","0.7795486450195312","0.7795486450195312"
"493","27606","27606","27606","0.8025054931640625","0.8025054931640625","0.8025054931640625"
"494","27662","27662","27662","0.9075088500976562","0.9075088500976562","0.9075088500976562"
"495","27718","27718","27718","0.7069015502929688","0.7069015502929688","0.7069015502929688"
"496","27774","27774","27774","0.85919189453125","0.85919189453125","0.85919189453125"
"497","27830","27830","27830","0.7682113647460938","0.7682113647460938","0.7682113647460938"
"498","27886","27886","27886","0.9595260620117188","0.9595260620117188","0.9595260620117188"
"499","27942","27942","27942","0.7278213500976562","0.7278213500976562","0.7278213500976562"
"500","27998","27998","27998","0.796875","0.796875","0.796875"
"501","28054","28054","28054","0.9375","0.9375","0.9375"
"502","28110","28110","28110","0.8365402221679688","0.8365402221679688","0.8365402221679688"
"503","28166","28166","28166","0.6697006225585938","0.6697006225585938","0.6697006225585938"
"504","28222","28222","28222","0.6796875","0.6796875","0.6796875"
"505","28278","28278","28278","0.7644882202148438","0.7644882202148438","0.7644882202148438"
"506","28334","28334","28334","0.828125","0.828125","0.828125"
"507","28390","28390","28390","0.8359375","0.8359375","0.8359375"
"508","28446","28446","28446","0.71875","0.71875","0.71875"
"509","28502","28502","28502","0.94622802734375","0.94622802734375","0.94622802734375"
"510","28558","28558","28558","0.9140625","0.9140625","0.9140625"
"511","28614","28614","28614","0.796875","0.796875","0.796875"
"512","28670","28670","28670","0.78125","0.78125","0.78125"
"513","28726","28726","28726","0.8281021118164062","0.8281021118164062","0.8281021118164062"
"514","28782","28782","28782","0.8125","0.8125","0.8125"
"515","28838","28838","28838","0.7129135131835938","0.7129135131835938","0.7129135131835938"
"516","28894","28894","28894","1","1","1"
"517","28950","28950","28950","0.7703857421875","0.7703857421875","0.7703857421875"
"518","29006","29006","29006","0.9374542236328125","0.9374542236328125","0.9374542236328125"
"519","29062","29062","29062","0.6328125","0.6328125","0.6328125"
"520","29118","29118","29118","0.8276748657226562","0.8276748657226562","0.8276748657226562"
"521","29174","29174","29174","0.806488037109375","0.806488037109375","0.806488037109375"
"522","29230","29230","29230","0.9009857177734375","0.9009857177734375","0.9009857177734375"
"523","29286","29286","29286","0.7578125","0.7578125","0.7578125"
"524","29342","29342","29342","0.921875","0.921875","0.921875"
"525","29398","29398","29398","0.732666015625","0.732666015625","0.732666015625"
"526","29454","29454","29454","0.7412033081054688","0.7412033081054688","0.7412033081054688"
"527","29510","29510","29510","0.6504592895507812","0.6504592895507812","0.6504592895507812"
"528","29566","29566","29566","0.7873611450195312","0.7873611450195312","0.7873611450195312"
"529","29622","29622","29622","0.8984375","0.8984375","0.8984375"
"530","29678","29678","29678","0.7479019165039062","0.7479019165039062","0.7479019165039062"
"531","29734","29734","29734","0.8203125","0.8203125","0.8203125"
"532","29790","29790","29790","0.9609375","0.9609375","0.9609375"
"533","29846","29846","29846","0.7406158447265625","0.7406158447265625","0.7406158447265625"
"534","29902","29902","29902","0.8109130859375","0.8109130859375","0.8109130859375"
"535","29958","29958","29958","0.9523773193359375","0.9523773193359375","0.9523773193359375"
"536","30014","30014","30014","0.953125","0.953125","0.953125"
"537","30070","30070","30070","0.71875","0.71875","0.71875"
"538","30126","30126","30126","0.8346328735351562","0.8346328735351562","0.8346328735351562"
"539","30182","30182","30182","0.9127578735351562","0.9127578735351562","0.9127578735351562"
"540","30238","30238","30238","0.84375","0.84375","0.84375"
"541","30294","30294","30294","0.8671875","0.8671875","0.8671875"
"542","30350","30350","30350","0.5511627197265625","0.5511627197265625","0.5511627197265625"
"543","30406","30406","30406","0.8628311157226562","0.8628311157226562","0.8628311157226562"
"544","30462","30462","30462","0.9029083251953125","0.9029083251953125","0.9029083251953125"
"545","30518","30518","30518","0.734375","0.734375","0.734375"
"546","30574","30574","30574","0.9479217529296875","0.9479217529296875","0.9479217529296875"
"547","30630","30630","30630","0.9375","0.9375","0.9375"
"548","30686","30686","30686","0.90625","0.90625","0.90625"
"549","30742","30742","30742","0.894012451171875","0.894012451171875","0.894012451171875"
"550","30798","30798","30798","0.8359375","0.8359375","0.8359375"
"551","30854","30854","30854","0.90625","0.90625","0.90625"
"552","30910","30910","30910","0.677581787109375","0.677581787109375","0.677581787109375"
"553","30966","30966","30966","0.9854202270507812","0.9854202270507812","0.9854202270507812"
"554","31022","31022","31022","0.8630218505859375","0.8630218505859375","0.8630218505859375"
"555","31078","31078","31078","0.9453125","0.9453125","0.9453125"
"556","31134","31134","31134","0.953125","0.953125","0.953125"
"557","31190","31190","31190","0.516876220703125","0.516876220703125","0.516876220703125"
"558","31246","31246","31246","0.953125","0.953125","0.953125"
"559","31302","31302","31302","0.8652725219726562","0.8652725219726562","0.8652725219726562"
"560","31358","31358","31358","0.8635177612304688","0.8635177612304688","0.8635177612304688"
"561","31414","31414","31414","0.929473876953125","0.929473876953125","0.929473876953125"
"562","31470","31470","31470","0.83349609375","0.83349609375","0.83349609375"
"563","31526","31526","31526","0.8359375","0.8359375","0.8359375"
"564","31582","31582","31582","0.8816909790039062","0.8816909790039062","0.8816909790039062"
"565","31638","31638","31638","0.6555023193359375","0.6555023193359375","0.6555023193359375"
"566","31694","31694","31694","0.7809600830078125","0.7809600830078125","0.7809600830078125"
"567","31750","31750","31750","0.8923416137695312","0.8923416137695312","0.8923416137695312"
"568","31806","31806","31806","0.828125","0.828125","0.828125"
"569","31862","31862","31862","0.9088211059570312","0.9088211059570312","0.9088211059570312"
"570","31918","31918","31918","0.9133682250976562","0.9133682250976562","0.9133682250976562"
"571","31974","31974","31974","0.683624267578125","0.683624267578125","0.683624267578125"
"572","32030","32030","32030","0.9130096435546875","0.9130096435546875","0.9130096435546875"
"573","32086","32086","32086","0.9921875","0.9921875","0.9921875"
"574","32142","32142","32142","0.859375","0.859375","0.859375"
"575","32198","32198","32198","0.8551483154296875","0.8551483154296875","0.8551483154296875"
"576","32254","32254","32254","0.6975173950195312","0.6975173950195312","0.6975173950195312"
"577","32310","32310","32310","0.859375","0.859375","0.859375"
"578","32366","32366","32366","0.7851486206054688","0.7851486206054688","0.7851486206054688"
"579","32422","32422","32422","0.8516082763671875","0.8516082763671875","0.8516082763671875"
"580","32478","32478","32478","0.7320175170898438","0.7320175170898438","0.7320175170898438"
"581","32534","32534","32534","0.8627243041992188","0.8627243041992188","0.8627243041992188"
"582","32590","32590","32590","0.9765625","0.9765625","0.9765625"
"583","32646","32646","32646","0.9296875","0.9296875","0.9296875"
"584","32702","32702","32702","0.5625534057617188","0.5625534057617188","0.5625534057617188"
"585","32758","32758","32758","0.8264236450195312","0.8264236450195312","0.8264236450195312"
"586","32814","32814","32814","0.6696090698242188","0.6696090698242188","0.6696090698242188"
"587","32870","32870","32870","0.8083572387695312","0.8083572387695312","0.8083572387695312"
"588","32926","32926","32926","0.6475067138671875","0.6475067138671875","0.6475067138671875"
"589","32982","32982","32982","0.9178924560546875","0.9178924560546875","0.9178924560546875"
"590","33038","33038","33038","0.7386550903320312","0.7386550903320312","0.7386550903320312"
"591","33094","33094","33094","0.7620010375976562","0.7620010375976562","0.7620010375976562"
"592","33150","33150","33150","0.84375","0.84375","0.84375"
"593","33206","33206","33206","0.6798019409179688","0.6798019409179688","0.6798019409179688"
"594","33262","33262","33262","0.9765625","0.9765625","0.9765625"
"595","33318","33318","33318","0.8359375","0.8359375","0.8359375"
"596","33374","33374","33374","0.9765625","0.9765625","0.9765625"
"597","33430","33430","33430","0.8125","0.8125","0.8125"
"598","33486","33486","33486","0.8966217041015625","0.8966217041015625","0.8966217041015625"
"599","33542","33542","33542","0.9343414306640625","0.9343414306640625","0.9343414306640625"
"600","33598","33598","33598","0.8227462768554688","0.8227462768554688","0.8227462768554688"
"601","33654","33654","33654","0.8156967163085938","0.8156967163085938","0.8156967163085938"
"602","33710","33710","33710","0.96875","0.96875","0.96875"
"603","33766","33766","33766","0.8672637939453125","0.8672637939453125","0.8672637939453125"
"604","33822","33822","33822","0.72137451171875","0.72137451171875","0.72137451171875"
"605","33878","33878","33878","0.70947265625","0.70947265625","0.70947265625"
"606","33934","33934","33934","0.9391403198242188","0.9391403198242188","0.9391403198242188"
"607","33990","33990","33990","0.5987777709960938","0.5987777709960938","0.5987777709960938"
"608","34046","34046","34046","0.9140625","0.9140625","0.9140625"
"609","34102","34102","34102","0.7882156372070312","0.7882156372070312","0.7882156372070312"
"610","34158","34158","34158","0.6753692626953125","0.6753692626953125","0.6753692626953125"
"611","34214","34214","34214","0.7913055419921875","0.7913055419921875","0.7913055419921875"
"612","34270","34270","34270","0.6690902709960938","0.6690902709960938","0.6690902709960938"
"613","34326","34326","34326","0.8671875","0.8671875","0.8671875"
"614","34382","34382","34382","0.7412948608398438","0.7412948608398438","0.7412948608398438"
"615","34438","34438","34438","0.96875","0.96875","0.96875"
"616","34494","34494","34494","0.8703994750976562","0.8703994750976562","0.8703994750976562"
"617","34550","34550","34550","0.7025375366210938","0.7025375366210938","0.7025375366210938"
"618","34606","34606","34606","0.9164199829101562","0.9164199829101562","0.9164199829101562"
"619","34662","34662","34662","0.9122238159179688","0.9122238159179688","0.9122238159179688"
"620","34718","34718","34718","0.8149871826171875","0.8149871826171875","0.8149871826171875"
"621","34774","34774","34774","0.7635650634765625","0.7635650634765625","0.7635650634765625"
"622","34830","34830","34830","0.6205062866210938","0.6205062866210938","0.6205062866210938"
"623","34886","34886","34886","0.5923385620117188","0.5923385620117188","0.5923385620117188"