Step,throughput_drops,throughput_no_drops
1,44.69169249042097,1952.231979954811
2,6899.002802992214,11402.5529063457
3,9049.701668711674,13478.0224844625
4,13331.755674704757,13817.78178998742
5,11314.321342344469,13318.416339862524
6,9983.022060826006,14206.857038897975
7,11571.610844258044,13828.258788416371
8,11253.007604680624,13931.039357513087
9,10669.511246545424,14020.529746110593
10,13174.092990276044,13958.922308824413
11,13305.110541682692,13859.561705368322
12,12085.919855249254,13794.482473326185
13,13240.134702056166,13772.718893299898
14,10904.719353040968,13731.76013304509
15,13465.486538329902,13895.35845984119
16,13727.268879133597,13929.819433137978
17,13324.924197305523,13982.606403724383
18,13196.5719254493,13929.676369586265
19,13568.446291026172,13943.446517250071
20,13619.410305168016,13975.92552624343
21,13542.491414877935,13931.75484466002
22,13422.912349329656,13516.71363336435
23,11459.42402548574,13872.49896157337
24,11283.294631527788,13867.780856181893
25,13513.134256134836,13911.591232553694
26,13533.395115126636,13701.963684468545
27,13570.73279671393,13996.35981944178
28,13773.410848420775,13896.654788180904
29,13836.931182623646,13961.697833401056
30,13664.872301670925,13767.35491998365
31,13596.250939003176,13931.574083074333
32,13676.729838743917,13920.684325957169
33,13161.62505477668,13873.63417473052
34,13486.51509669073,13994.254424759538
35,13929.638721771593,13858.570397717647
36,13767.259304056272,13993.56289901914
37,13951.010184260844,13892.729080016152
38,13751.94848823471,13547.239998780373
39,13785.000380334104,13495.65447928739
40,14009.584311755583,13876.966201764117
41,13871.020475655285,13954.25103006116
42,13895.268550082124,13936.07945734862
43,13949.47716182004,13922.707463697763
44,13959.935587705846,13949.620632387618
45,13874.29895815443,13817.981838625978
46,13914.783733888127,13919.75944398321
47,13880.045640221308,13957.085170822593
48,14027.283887824422,13917.1208222667
49,13881.137225539764,13870.341075199134
50,13808.408230452676,13984.435089097866
51,13512.099779515667,13699.494372638654
52,13854.20436961815,13930.399247093215
53,13881.443797500677,13735.66127612034
54,13859.233738267694,13997.4089528696
55,13999.713036836312,13841.048434370534
56,13496.806609243262,13933.607921400226
57,13270.2568774647,13911.193211588325
58,13801.271834640544,13643.298757693274
59,13789.63280127527,13858.123237673732
60,13819.789948318848,13786.040191133645
61,13429.137842785653,13900.59021373736
62,13801.10922560567,13936.44121908285
63,13669.308310758735,13857.98164300879
64,13926.243725711976,13870.206696179876
65,13829.564891850046,13786.917884021015
66,13673.88505571474,13892.73656971328
67,13727.37856531022,13909.774039208913
68,13816.737185642707,13406.153235006925
69,13913.94227370774,13877.907826725705
70,13899.937903428949,13933.057973208532
71,13800.924447262609,13913.491533330272
72,13567.839067460633,13961.470909859245
73,13565.27504028291,13827.323888614344
74,13796.402616036285,13661.214036858522
75,13680.599772253709,13942.028299773743
76,13759.562902825352,13890.040800486398
77,13722.130219055216,13776.208822614324
78,13645.36489635639,13884.08386761692
79,13817.944792144785,13367.238643596203
80,13395.212605006636,13983.59277210423
81,13798.722270354208,13951.7352777483
82,13247.676254554726,13752.65303665374
83,13773.1973654885,13946.306460647247
84,13659.302376959333,13758.666651717283
85,13696.516357815046,13895.733096361737
86,13786.180319475896,13887.41343257763
87,13759.702493424444,13709.683289540397
88,13873.141230406798,13841.9554508016
89,13647.75690813724,13951.32740338754
90,13664.444799358607,13906.163588885996
91,13332.797211111472,13836.596856378574
92,13764.266461563113,13929.992619263969
93,13777.83658837424,13757.102165278668
94,13789.138429663622,13749.233716344266
95,13844.96730048482,13720.048074307111
96,13850.3174934013,13213.705119337024
97,13619.165581141671,13908.30261070057
98,13663.61160901519,13845.926905629376
99,13817.596564931133,13846.187286556473
100,13818.115207603078,13859.979140491883
101,13580.416108804362,13540.363819788312
102,13949.877376558614,13746.439354909948
103,13882.475773359987,13843.836773636234
104,13270.325213500922,13967.078081276331
105,13935.95887427744,13935.71017828327
106,13912.75538684719,13978.586495400104
107,13914.91146441924,13662.821983260928
108,13898.40109246471,13721.925629472173
109,13871.3863342389,13933.93941799271
110,13922.128289850438,13861.768433011164
111,13663.662322044953,13941.1232054116
112,13927.43291514686,13869.81850475006
113,13894.878954570897,13772.137410316089
114,13919.240661560563,13961.296940139331
115,13893.478089705,13878.221730110963
116,13848.300453982663,13995.652883441448
117,13754.590917097135,13793.825316492284
118,13751.420124292012,13943.09193583207
119,13918.541494258896,13803.77058247856
120,13543.003845359475,13604.368939357946
121,13859.412627489282,13627.75777837829
122,13789.138429663622,13861.768433011164
123,13978.700234607446,14006.667907365052
124,13830.099278006432,13947.370749591644
125,13882.595432661356,13265.106366681835
126,13674.96622411514,13925.777137233985
127,13712.170868678228,13940.79890853046
128,13914.408069446225,13876.398299280168
129,13861.753520331264,13960.782620237274
130,13935.461491165215,13852.968076648298
131,13878.834630029569,13639.283858575904
132,13899.210687101951,13890.639769899826
133,13833.002012966726,13926.92108720524
134,13851.367181738631,13951.50867793696
135,13784.911893040678,13881.032545532502
136,13943.265452145071,13729.623860850776
137,13811.938480932467,13865.557293112688
138,14004.513746211496,13886.036519961395
139,13930.233581037872,13965.995644874056
140,13512.652425400624,13527.413444367105
141,13972.318536587743,13935.340918787762
142,13850.176058200204,13303.118681551268
143,13769.193946210506,13935.672497846364
144,13724.97318417009,13966.517918414756
145,13849.513584396418,13960.888506531111
146,13667.9525580004,13967.608006421788
147,13915.670382400349,13900.88264857794
148,13866.504831789998,13320.784601738073
149,13927.952308425693,13973.91720350343
150,13619.97896260106,13905.188113212942
151,13912.935660415968,13972.59126904302
152,13790.496191931778,13908.580356530849
153,13732.748017875623,13795.110153481806
154,13870.72929588154,13916.932924408931
155,13845.80043842682,13983.478953265956
156,14002.687414927728,13896.385012065735
157,13904.99303450051,13915.242071977502
158,13946.910292595092,13917.940116215956
159,13881.189566135456,13896.752209907809
160,13870.09471565282,13920.646726732435
161,13970.386986461035,13758.556464969071
162,13935.672497846364,13840.97409403233
163,13814.989123226676,13945.612118542393
164,13355.959916266773,13962.363518347343
165,13922.752596151198,13942.058471609816
166,13864.236923697696,13784.897145268887
167,13896.257621430055,13730.42122716907
168,13817.544702805246,13915.828187623729
169,13732.074777231755,14033.692978362244
170,13784.852902142848,13837.183795390683
171,13911.493602661612,13746.615344156096
172,13828.94149352632,13498.99831955311
173,13609.405388562836,14008.936963108974
174,13638.511478241724,13747.7520499084
175,13687.829995538275,13944.261368420255
176,13683.316568089753,13931.762376494553
177,13738.898052015213,13906.95907804308
178,13850.883263093,13840.156403014244
179,13769.834042580478,13894.991335649363
180,13725.287517403072,13884.06142652948
181,13852.94573603406,13920.398576943064
182,13725.638418018912,13904.970525770526
183,13720.084597716816,13707.378889837471
184,13706.737296172563,13450.368844595643
185,13929.872141503063,13920.406096503668
186,13615.028197640784,13969.36461728691
187,13865.475228927358,13971.750378167251
188,13937.157261222284,13815.300186725097
189,13809.821594181076,13838.00113518654
190,13387.954269683352,13936.772850505477
191,13868.736162641631,13767.737396974922
192,13708.38514631698,13809.525577826136
193,13660.641931015618,13902.51751099343
194,13832.63817633232,13885.026458800976
195,13945.838526849328,13971.204989552689
196,13821.73197006502,13946.789522022513
197,13912.56009575283,13927.877031637114
198,13849.1563214598,13796.277051910694
199,13962.60560133938,13909.42116828153
200,13777.519843629036,13868.773481971264
201,13490.24987043608,13791.426118173673
202,13903.695150125444,13614.77643806841
203,13805.700708130156,13747.02600325514
204,13811.309268493467,13906.59884526322
205,13813.515465144328,13883.141404400618
206,13696.239737574437,13913.979836724116
207,13314.73481465407,13439.846593700488
208,13744.474447723398,13770.805336935751
209,13951.50867793696,13954.379486202008
210,13767.612354081966,13940.195605640383
211,13881.264339099733,13891.703067841838
212,13616.74760476574,13737.843369267726
213,13511.816388904184,13303.201091521249
214,13815.129840693238,13984.290901513376
215,13844.283012177904,14012.67717906402
216,13817.418753548884,13729.177668739112
217,13727.744198558925,13893.478089705
218,13878.86452897134,13846.291441669431
219,13168.922626752485,13920.300823394497
220,13266.04190495017,13755.523349604866
221,13805.153414618466,13887.892422714664
222,13943.152288842415,13893.69531762189
223,13922.89551751748,13827.806162408471
224,13769.539738008069,13852.77446038544
225,13984.0101236973,13884.607513585685
226,13906.38121366883,13653.266782731798
227,13913.634264623464,13844.513580029365
228,13765.347264376804,13815.507570173071
229,13682.284930311138,13928.291064044142
230,13872.648321111456,13804.021985898042
231,13078.987523352793,13833.002012966726
232,13904.572883556277,13917.361338928402
233,13780.525822238951,13839.368537618182
234,13313.716733407971,13942.405457110952
235,13891.950195604675,13987.091708147913
236,13921.218256868691,13612.453496240303
237,13776.09835471398,13987.068932838762
238,13878.617866554216,13912.740364260668
239,13866.087003498023,13798.219858664888
240,13816.61125110716,14027.986386707224
241,13758.299369419825,13645.740625167133
242,13873.103887567246,13160.428621622284
243,13928.31364833794,13981.688447413098
244,13853.474483232438,13961.538986147252
245,13878.341316088226,13891.815397553146
246,13879.200900943111,13896.894597965764
247,13285.369421146324,13742.180323095678
248,13769.473521213004,13949.58287668897
249,13877.011038150493,13946.66875354149
250,13806.699260797515,13921.827439336674
251,13929.450485750718,9191.581836554096
252,13835.059163716112,13998.693975463802
253,13874.194381258443,13224.49366071346
254,13902.390007898042,8750.67872641849
255,13799.232107850092,9233.030558805036
256,13842.18594113078,13959.23988787021
257,13712.615956029898,13976.660792483242
258,13764.641414740296,13804.347345093634
259,13210.914223756758,13970.652069564292
260,13703.151310636373,13888.37144589449
261,13650.995770648811,13911.178192375191
262,13719.281127619566,13834.516967141564
263,13791.56635602849,13830.75989575059
264,13606.523882086454,13797.000923554822
265,13838.81113987133,13811.38329051075
266,13680.294744911256,13957.410225871288
267,13712.82756506858,13732.279669570167
268,13677.150851046892,13884.001583984304
269,13222.932945827124,13898.84335932802
270,13795.811745962405,13951.274532531295
271,13747.01866984179,13853.385114674324
272,13960.52547449625,13785.088868763563
273,13673.870544549987,13897.276811917773
274,10138.44323785866,13602.710098545182
275,13815.026153861,13798.66316119767
276,13812.27901980847,13988.967129748253
277,13845.621900426817,13878.894428041936
278,13905.23313215468,13717.79130486626
279,13646.31148353534,13940.203146604234
280,13747.246009294,13931.822631463992
281,13904.490356890032,13782.478937569764
282,13920.759525015965,13747.297345049656
283,13922.353936268952,13763.340194226404
284,13653.91061468498,13931.506298689012
285,13695.875780596458,13848.93304148424
286,13774.758151998156,13834.212464414346
287,13410.65313344352,13768.64954325884
288,13882.453337470628,13923.61016836512
289,13874.829336684425,13921.95529921627
290,13810.369257894668,13881.301725883948
291,602.632252618629,13820.271696704667
292,13776.812745119005,13298.464176183028
293,13781.96296650856,13846.172407382532
294,400.7973170731252,13865.564753541345
295,753.8805698397558,13918.143075495564
296,13790.629030859776,13832.059047292903
297,13643.3276504232,13697.397249337582
298,13721.297285324225,13799.660696050118
299,13690.309649855844,13788.90970255431
300,13709.603060079056,13796.410002232498
301,13759.629024335023,13891.089030861416
302,13352.306036977412,13641.594303201431
303,13805.404868411044,13278.17487133933
304,13121.108075576529,13929.202021992847
305,13445.288048576624,13926.492083942205
306,13658.759389342267,13904.385324367984
307,13685.772782577247,13487.693903955582
308,13805.67112358768,13917.008082943192
309,13578.205037199405,13910.750158433691
310,13680.156760819986,13876.861584655962
311,13703.078444207522,13857.460003420028
312,13596.81766407321,13798.69271571264
313,13232.003811996286,13874.76210335888
314,13744.77501280082,13827.583570323215
315,13222.634416260116,13823.592968527884
316,13680.74502815006,13802.935101607944
317,13754.759773453055,13854.398025854214
318,13697.1861162521,13916.00854083302
319,13519.181317891516,13891.148934518664
320,13659.273416529912,13408.245835321344
321,13735.653954827105,13845.056560468489
322,13759.658411876646,13929.473073804607
323,13778.462754558635,13688.5425314807
324,13013.113589641946,13841.12277550731
325,13520.819847476436,13769.870831536611
326,13547.524877272264,13913.115938656569
327,861.0857252953225,13673.660136122138
328,13805.900407108404,13884.0689068839
329,13298.738687858113,13797.000923554822
330,13442.910376263511,13969.031432999363
331,12890.515707590655,13762.568400005126
332,13786.091817033575,13773.933541467231
333,13650.626983315597,13772.18157185772
334,13831.59132462246,13951.742831202117
335,13839.07868518622,13930.158279588026
336,13380.286941581648,13887.907391688856
337,13893.448127766782,13649.997921497876
338,13847.266111876232,13817.648427446336
339,13872.200252145443,13853.362772714958
340,13849.387051665004,13858.264835232205
341,13775.553405666677,13972.530660910612
342,13736.210395357475,13789.426193902107
343,13347.40965361214,13311.701666842297
344,13865.36332478556,13880.083020441096
345,13722.890176636296,13938.024147526752
346,13739.176398079806,13966.926681477396
347,13464.642257353751,13900.605210096544
348,13794.888612786786,13790.37073529404
349,13712.09790629516,13921.782312881069
350,13873.89559881363,13884.614994528549
351,12988.91713642852,13875.9201016606
352,13625.81944620695,13926.860874626493
353,13699.574483829914,13912.928148923997
354,13284.410610494711,13778.779542660806
355,13428.557018910597,13980.565821732052
356,13482.831769916367,13852.387244095758
357,13625.668149797835,13836.39626838625
358,13508.42370958712,9114.665908343324
359,13830.81185712668,13831.747228664624
360,13382.739808890736,13442.286288972233
361,13818.81173186904,13891.336136777609
362,13563.482939461246,13829.08249537149
363,13891.628182376851,9500.50056848597
364,13564.18972745614,13980.664423522416
365,12970.905476763684,13968.36511210281
366,13877.384685971294,13989.582256058537
367,13776.363480651198,13702.174964866972
368,13769.995915457888,13849.788987157272
369,13402.046662568531,13962.756907472329
370,13697.025950666944,13903.702651651058
371,13725.872361730891,13783.29719946086
372,13882.16167750798,13285.389968603551
373,13813.011975656324,13975.652663610475
374,13564.168308555862,13978.487922917571
375,13678.464866460115,13979.140043624797
376,13346.123911184675,13788.533426078024
377,13919.120369710208,13759.202919087582
378,13653.114876180616,13994.733213387908
379,13707.7361668899,13853.57874800756
380,13663.531917871844,13891.208838692568
381,13465.82428036718,13924.716141122157
382,13757.7778622482,13875.51664805456
383,13810.687514871925,13972.091267674668
384,13745.449499356728,13824.097229687755
385,13550.673582453084,13804.85020311016
386,13700.659718637238,13816.21864640773
387,13814.159689042346,13789.278620997427
388,13857.266261574696,13907.642070586811
389,13929.111673733074,13375.529692656326
390,13829.973099772988,13994.801614437836
391,13733.501833012777,13891.60571689479
392,13640.085205396792,13921.75222873986
393,13728.468209856976,13941.311757046044
394,13581.475388461084,13878.550596507555
395,13788.599826316897,13745.258876880587
396,13725.265586710304,13888.63342567342
397,13504.85579827564,13920.44369442854
398,13777.210479099862,13926.82324202917
399,13829.609422452437,13917.699579549411
400,13704.572360905777,13893.208436913194
401,14107.22215129933,13824.571862034334
402,13832.415428655164,13705.417843451767
403,13450.881347916977,13962.136573166052
404,13888.169353960771,13848.46417696935
405,13927.628624007912,13886.86712478768
406,13746.776671590364,14022.978801578509
407,13845.666534495154,13902.397508015383
408,13487.178591597063,13729.382474632148
409,13716.696053372563,13844.632585796278
410,13861.3732578348,14008.731347234898
411,13910.88532420113,13950.330477562911
412,13786.984268701111,13877.937721674412
413,13705.009666439755,13820.916550955162
414,13774.50781336442,13837.71877052248
415,13810.58389471078,13935.845829543352
416,13647.265429418158,13926.958720331351
417,13453.318028001073,13918.631705447751
418,402.28116192422425,13840.260467414451
419,669.7483062022128,13654.257875101534
420,13836.901464080967,13933.502448519452
421,13787.699788608394,13835.460267981538
422,778.9737918816468,13888.730734965751
423,895.9760036537464,13896.145219867596
424,13876.600048786557,13992.240831265974
425,13803.497006809135,13545.68762155468
426,13902.757523164695,13846.46255704254
427,13750.75238905801,13986.879141480233
428,13794.40124830379,13916.534597729704
429,13827.650347196324,13768.18609899492
430,13682.735344574465,13889.082556861054
431,13845.22020676116,13020.332880456064
432,13819.197073332392,13759.5335156917
433,13817.804017327884,13991.46594216708
434,13846.284001966544,13631.989437111455
435,13834.138197489869,13839.383402172753
436,13848.345105322383,13583.472723209205
437,13888.820560138189,13880.187686127623
438,13820.471817446109,13959.29281911609
439,13779.914205611574,13561.976798686
440,13786.7187338164,13929.30742977727
441,13744.093262142977,13698.707876152532
442,13805.153414618466,13980.285193479504
443,13911.298346988318,13850.9279310899
444,13890.849421398862,13803.60791455732
445,13155.22868219033,13885.961695576669
446,13868.131617482051,13836.500276248878
447,13740.802750527611,13923.091098879013
448,13624.486712455582,13928.396458041803
449,13845.72604703392,13828.154904417584
450,13783.584719948269,13886.09638004978
451,13875.561475074412,13839.63610448602
452,13860.843907529126,13841.100473082426
453,13794.51939410712,13921.66949802194
454,13856.23803015166,13945.54419748383
455,13633.879032659128,13895.0737495956
456,13605.906062039605,13942.66193575614
457,13739.637891405384,13855.38128718924
458,13738.033786117923,13878.924327241351
459,13592.65082761782,13643.984993090597
460,13844.230949532372,13745.339524206009
461,13686.368801852055,13813.92272613971
462,677.7404863788905,13855.336590464423
463,13791.55159401473,13920.639206911865
464,13437.204589645922,13785.096242850632
465,13836.790020682856,13651.661084470365
466,13922.887995267154,13743.594820593256
467,13921.120491807706,13760.98098118624
468,13910.502361348696,13726.14286908931
469,13891.995128869856,13985.148481945887
470,13748.62487415671,13907.777175960357
471,13909.263508334829,13187.002938313832
472,13896.385012065735,13892.84891613928
473,13915.10682153213,13922.557024299558
474,13692.44825495671,13900.432753919473
475,13824.23813276412,13613.46024675575
476,13790.916857316706,13736.77420345293
477,13964.603106375644,13869.669206139732
478,13997.773905712842,13865.616976766709
479,13627.973983433716,13965.829131087943
480,13770.22401551767,13807.794136384751
481,13878.86452897134,13754.275240247976
482,13902.90753498008,13263.993452880037
483,13766.597384059472,13913.88968582554
484,13862.446993891765,13850.67481625008
485,13768.61276082824,13940.452002988268
486,13603.34917112373,13773.160558755242
487,13481.900672635302,13844.238387029189
488,13641.709845980376,13808.386033330064
489,13486.917420917494,13668.126543311371
490,13920.473772914667,13895.748082242748
491,13744.518432035586,13919.067742679472
492,13735.4489617851,13821.717143404225
493,13829.587157115397,13497.44283891567
494,13896.452455112552,13907.979838942532
495,13549.106170700055,13746.102054783194
496,13844.550769111753,13920.78208489203
497,13895.927915336108,13961.327195431357
498,13680.265695397567,13823.244456579288
499,13851.389517261692,13896.347543989255
500,13824.104645567537,13805.404868411044
501,13789.02037601452,13795.4055521443
502,13949.492263846072,13748.456168392928
503,13810.635704596987,13979.420625905252
504,13418.068853910116,13729.594601463115
505,13884.99653330431,13917.451534819817
506,13812.95274401193,13753.709994652185
507,13727.846579358957,13859.218831041017
508,13873.58189109613,13802.735488404704
509,13839.9036817002,13922.48932763103
510,13760.70175093848,13931.393326179272
511,13801.641414879858,13627.945155696623
512,13825.625068940875,13810.236038398858
513,13848.352547240327,13746.659342171732
514,13681.63115591816,14006.30249060804
515,13816.077906759798,13961.501165905289
516,13505.280450787368,13731.79671883759
517,13537.198569679282,13647.980976359737
518,13870.124576949906,13926.311458896264
519,13822.369546572409,13973.030693728031
520,13503.015945941414,13912.905614496742
521,13416.476087044804,13902.232507303175
522,13909.586339678246,13318.209845317402
523,13900.920141114024,13885.991625233792
524,13941.80201516568,13899.00827960034
525,13883.799619202784,13911.298346988318
526,13581.06024566254,14004.049508523136
527,13744.371818756385,13685.75097797836
528,13882.63282661607,13803.741006207712
529,13909.631387103618,13905.443224403834
530,13857.407841621043,13874.48570653274
531,13941.243877870094,13927.63615138164
532,13765.501678634784,13876.136780873292
533,13890.841933736352,13986.788043457613
534,13922.030512007235,13259.216190670732
535,13830.218036094084,13873.925476479022
536,13651.364577908987,14005.427090517487
537,13801.767076670283,13944.216096412243
538,13824.890773947634,13984.093597005418
539,13925.73198516955,13605.712106852909
540,13849.989963652231,13590.07741498622
541,13803.65227815562,13860.993016200866
542,13510.81753179549,13917.677029663188
543,13874.552937179616,13996.64109340833
544,13773.683232804811,13742.216964434743
545,13888.438811179389,13849.707109516708
546,13776.768553872012,13688.317129436587
547,13839.554346845396,13584.532479773285
548,13780.606883938812,13730.326123569614
549,13880.329734941315,14025.276045331864
550,13900.567719259256,13819.901118042268
551,13830.307105998278,13989.931611134489
552,13400.701592651969,13681.347873083694
553,13773.720042331664,13647.106429175905
554,13905.23313215468,13900.852654694689
555,13888.685822815236,13832.081320590043
556,13787.07278260237,13605.38886049645
557,13939.456630758454,13608.327375442195
558,13788.230944193356,13834.331293152089
559,13734.109336494104,13896.69225791422
560,13892.624225104277,13787.058030206566
561,13853.906447518457,13806.366393858932
562,13764.21499899585,13898.84335932802
563,13876.67477231472,13876.465548463804
564,13901.452556953504,13903.61263387792
565,13515.23203737512,13940.127737332889
566,13848.159059973144,13893.657864048148
567,13922.77516248764,13938.823286071509
568,13746.66667520172,13567.867641468603
569,13843.710344612702,13924.046517584038
570,13962.734211343331,13849.684779419114
571,13720.259912790234,13975.940685591006
572,13823.889588284204,13956.132771112265
573,13834.011945548227,13883.747258922274
574,13754.407382282034,13086.50605706207
575,13804.295582377506,13886.702492512331
576,13829.498096484158,13757.6089317832
577,13880.718514983426,13830.470403802365
578,13810.243439414531,13731.108938556416
579,13939.245509467886,13867.333101581544
580,13396.52871620041,13800.599249395918
581,13394.87143320498,13847.533984213582
582,13795.154462474698,13856.543503264134
583,13902.180007897923,13823.874756994066
584,13815.56682373036,13904.895497196878
585,13839.933413140465,13268.097821173307
586,13761.928978933996,13940.565122463684
587,13882.587953894588,13874.209320718492
588,13743.49953441341,13802.58023768256
589,13862.70799653564,13938.378471234364
590,13802.617201823436,13537.404799327587
591,13800.495780561345,13687.982675566846
592,13850.47381987905,13956.231028560936
593,13910.952908069872,13753.687973036802
594,13871.199669284828,13868.736162641631
595,13869.863294959932,13748.668885036886
596,13663.640587843243,13849.02235261051
597,13928.742763836017,13889.524230855675
598,13907.807199733174,13756.661529099005
599,13807.94210586384,13917.819846843406
600,13659.331337511554,14006.827783192006
601,14406.002924826593,13804.480451003365
602,13785.36908961842,13316.21406145038
603,13804.369529233663,14008.05361912807
604,13858.875973678152,13949.303490870903
605,13882.236460945474,13745.119579183853
606,13930.858614493392,13888.176838742327
607,13922.782684616046,13332.252281037949
608,13876.099421905556,13946.049847901935
609,13940.082492161688,13896.527392599031
610,13979.686051942766,9364.201072040216
611,13889.06758535347,13885.138680562328
612,13520.713437393426,13824.304877329148
613,13588.823319167874,13976.622890270472
614,13929.82696288,6912.130190440427
615,13916.324170198428,13985.892309437377
616,13902.742522161205,13918.00776865146
617,13903.665144103928,13957.274154473593
618,13892.070018291097,9306.013737037569
619,13859.69587820155,13923.896049246769
620,13899.270660827167,13919.210588403052
621,13262.962637996076,13840.29020038766
622,13880.06059228506,13914.881409965656
623,13743.675448392823,13838.216631762092
624,13927.064094166475,13813.100824075394
625,13918.97000782104,13946.457413732358
626,13887.016793879966,13852.62552848142
627,13150.583118748067,13992.126871603748
628,13550.388571524722,13754.767115127795
629,13678.936812066857,13878.894428041936
630,13258.308899855532,13930.414307839092
631,13687.786373298572,9013.894086462686
632,13852.2755511119,13895.186133825087
633,13937.71507134412,13863.67752098128
634,13724.922015006456,13778.227014726828
635,13843.710344612702,13952.641750606948
636,13761.83343835912,9212.730530406354
637,13897.561612453,13953.843008594917
638,13893.845133936178,13944.638646585943
639,13865.340944173957,13572.86994700378
640,13839.071253232229,13383.045611760966
641,13817.04832786706,13968.077402275563
642,13850.51104098912,13902.540011782452
643,13820.323579303358,13650.57636700148
644,13832.88320706325,13950.776055586985
645,13704.87847184921,13801.04270483217
646,13933.464780020438,13842.438745802116
647,13935.672497846364,13883.62757976412
648,13865.012703504372,13790.88733610152
649,13900.027873624753,13927.011407049597
650,13771.806207781105,13943.220186603585
651,13634.016084769624,13779.08897766081
652,13896.407493008604,13949.273287669008
653,13883.874420288606,13928.381401658771
654,13829.884034170862,13843.650849400668
655,13791.381833127823,13841.405279110277
656,13976.168079750998,13846.581596318298
657,13917.797296567456,13920.699365703931
658,13934.444227192109,13846.745278664514
659,13641.356002401151,13749.805930442632
660,13880.05311624916,13959.534795637788
661,13678.820637819015,13937.669841833014
662,13657.688020415138,13868.4226882019
663,13946.72913752056,13762.392002050756
664,13835.222573757545,13920.7068855895
665,13830.626282576284,13742.444145098278
666,13640.251262010735,13695.73748201657
667,13809.362774240117,13502.195250460556
668,13843.003871988038,13957.31195181793
669,13925.288005464245,13497.28731056777
670,13824.935274454148,13909.42116828153
671,13931.01676437914,13800.318409025916
672,13673.137770778738,13849.148878677952
673,13896.594837027886,13905.360687405975
674,13796.882735240782,13769.561810414612
675,13897.913881894336,13684.907920101195
676,13715.776177266447,13698.096219094665
677,13682.560987148276,13911.388464310296
678,13681.580309417372,13899.892918767802
679,13731.321118740863,13898.56600224148
680,13920.007570986098,13482.888204188048
681,13854.889639076571,13933.29904104434
682,13759.246997716918,13915.948422577165
683,13826.448462151351,13773.403486830184
684,13921.56420580302,13922.51189311406
685,13834.234744647178,13716.710655575404
686,13515.699874702164,13810.458072319763
687,13695.897617469658,13571.61187738374
688,13234.633700862132,13852.096846084132
689,13868.855585203428,13918.022802615336
690,13908.738000990945,13845.792999251558
691,13869.572163766612,13843.992953853543
692,13785.796817099012,13704.579649102654
693,13809.614381400124,13810.546887887196
694,13910.209521629811,13943.469150718847
695,13613.93490936389,13990.827862644532
696,13871.931424658744,13865.452847954495
697,13914.903950793674,13637.789706539204
698,13882.38603023765,13553.460195808757
699,13392.490677154849,14001.5842372583
700,13741.037211460016,13879.171000552047
701,13813.485847099577,13865.952706894555
702,13800.813582631728,13725.996647571568
703,13800.614030784653,13587.103792660377
704,13834.034225135189,13821.420616868054
705,13452.636792223826,13884.33820501133
706,13800.200163868583,13750.01135224948
707,13902.082510054404,13927.794228109497
708,13795.10276867733,13753.247555537766
709,13737.257504373883,13804.036774619664
710,13238.250655367749,13808.696799540883
711,13670.432266921864,13839.88138320383
712,13873.09641902346,13886.478000245725
713,13842.431310238804,13798.079485467466
714,13358.590839886972,13852.506385263876
715,13732.352846887095,13767.215174076196
716,13870.52771704554,13825.291288819884
717,13807.061734163011,13858.987773128203
718,13845.949223610827,13773.17528142494
719,13835.33399190812,13950.859132604006
720,13785.981190578595,13847.65304191244
721,13812.256810239478,13863.170368202584
722,215.89288856479297,13931.16738665636
723,708.511166572931,13822.16195706569
724,13672.833076092522,13511.851812080537
725,13134.617230791817,13888.019660023863
726,758.4561745704514,13377.564131035717
727,743.7869583973148,13916.20392875195
728,871.7329647468099,13824.35679021419
729,13876.607521103158,13764.781108401816
730,13812.523329781465,13765.560504025269
731,236.7613108087975,13336.675088277869
732,655.936656959392,13915.730498253906
733,13922.714985753017,13819.997466582648
734,13910.066860592216,13900.305289060589
735,798.1133218051485,13882.415944482842
736,787.0519042540556,13921.466435882974
737,13957.183441682411,13974.591632425856
738,13904.182766127922,13874.612698301598
739,13802.070152755856,13837.904535452048
740,13942.148987901564,13783.252966604372
741,13949.197780236484,13956.881074227667
742,13925.092362377216,13770.246090118051
743,13943.73321328393,13708.983136811588
744,13784.911893040678,13857.392938322031
745,13897.726502308757,13877.489310966908
746,13735.273258333304,13876.824221785326
747,13857.63139495303,13948.11056383921
748,13975.39496979567,13776.429763730026
749,13869.034722902434,13860.687346876426
750,13922.617199668706,13784.167170003884
751,13903.477609403722,13698.67874838732
752,13928.336232704976,13820.79054022165
753,13802.17364519949,13828.5556084423
754,13900.70268721994,13146.416987932447
755,13933.984623295615,13961.637319735308
756,13959.444053459069,13999.56092870437
757,13877.646251418337,13870.714363914984
758,13717.616052873642,13971.1065211463
759,13819.093325439711,13828.57787045792
760,13896.557367819922,13694.24549074874
761,13931.717185609514,13770.694955676408
762,13931.664463280838,13941.258962074293
763,13832.333756304308,13816.840898160475
764,13919.69929331466,13846.492316669595
765,13762.781553566574,13782.803282011568
766,13350.47293050552,13870.803956196562
767,13496.03614472344,13793.758865916365
768,13638.222760393071,13893.185966319686
769,13809.01497943904,14001.858113424065
770,13935.077173985926,13872.864898154525
771,13750.994527307965,13590.593453049602
772,13893.320790971053,13870.587443497245
773,13825.625068940875,13754.084372903446
774,13603.823128892587,13956.941546670538
775,13806.53652384445,13836.381410247806
776,13743.345613375464,13901.43005968436
777,13869.064579635517,12908.155930909534
778,13940.587746579067,13824.809190429747
779,13690.338742041136,13978.806392870916
780,13249.39268064453,13937.187411979256
781,13791.684453276232,13814.529959853397
782,13818.952527219844,13924.633375174191
783,13961.168356611151,13559.83594210006
784,13802.742881383349,13942.126358718438
785,13801.597064206033,13845.24252246444
786,13894.481889318851,13980.216934256676
787,13890.684694688294,13841.211985925576
788,13781.225932004614,13624.810866940046
789,13815.485350220128,13788.408005149424
790,13874.866688813498,13886.79229145134
791,13898.521026459706,13949.07697004471
792,13856.722323043146,13926.048055769466
793,13901.160098134198,13599.544343718038
794,13802.794632455616,13607.012430683966
795,13671.62893950961,13823.615214568066
796,13716.104690283528,13846.06081459731
797,13786.475335823869,13834.264451735928
798,13751.625594334097,13950.35313338577
799,13684.232095264646,13814.196715230257
800,13962.0911850151,13858.957959765154
801,14278.212719840163,13800.924447262609
802,13863.1927418075,13922.090682825132
803,13774.095510743822,13720.004246472145
804,13823.311191549532,13836.500276248878
805,780.9137935517302,13857.892216290164
806,13891.089030861416,13786.57859452866
807,13883.777179034209,13951.682403800603
808,13728.212237539834,13948.337053279049
809,13865.452847954495,13946.034753328648
810,13731.613791824591,13823.348266811428
811,13886.260997953956,13582.742446683244
812,13906.74893998682,13911.4635629705
813,13963.082226762832,13864.04299231043
814,13844.134262800952,13759.114762676154
815,13912.101934320555,13907.40939526324
816,13818.04111340907,13728.256117830568
817,13838.97463855674,13204.233060331046
818,13882.36359463836,13938.79312823625
819,13492.07211742852,13967.774562629713
820,13734.0654187776,13732.08941219602
821,13690.440565663348,13876.14425269098
822,13531.249061941771,13881.511095597314
823,13606.344277451157,13870.4082656852
824,13762.480200462704,13918.6768114807
825,13609.132275752589,13795.33908634224
826,13789.802519106272,13734.36552877177
827,13591.912395053498,13957.742856013168
828,13741.616071147664,13797.008310391684
829,13790.50357180508,13806.529126801372
830,13702.298821922994,13866.70629371382
831,13839.145573131338,13823.6671222736
832,13906.561322088555,13886.492966171018
833,13831.598748544771,13841.026132185223
834,13173.45320704716,13064.910221025288
835,13755.112182681238,13881.877507793464
836,13214.782503638324,13834.301585776277
837,13179.901022639222,13832.341181023625
838,14040.628109584204,13713.279992507394
839,13654.496626884464,13916.722484831627
840,13773.587528955752,13695.992244724852
841,13847.615836161627,13940.813991771773
842,13878.027407293315,13839.271918791805
843,13831.175597691674,13861.388169696524
844,13655.603676071987,13840.05234017894
845,13880.187686127623,13237.985435536631
846,13847.757219078348,13890.93178621925
847,13473.801322398052,13808.445225815614
848,13665.814350327966,13909.503753489547
849,13897.928872479466,13849.245635465946
850,13753.159475422644,13666.749280859403
851,13716.659548001488,13765.009035726269
852,13879.148575343292,13871.47593520136
853,13858.09342803013,13697.994281562103
854,13768.693682434978,13971.720077682705
855,13882.984339637382,13769.62067051136
856,13770.363822515385,13855.649473594223
857,13705.118997183969,13794.342176161032
858,13590.120416661392,13743.924667572624
859,13882.857194574815,13652.89787268536
860,13901.340071335942,13845.24252246444
861,13883.470504000215,13787.30144877446
862,13811.331475015342,13822.117474411189
863,13911.839068434136,13668.155541293843
864,13822.591970820538,13860.448785063518
865,897.4640952772133,13955.875796633669
866,13772.807224124885,13939.07209319182
867,13916.692422554392,13091.665100768994
868,13892.946284511592,13916.173868714994
869,13910.847777891138,13886.83719135636
870,13906.208614144292,13825.662156615848
871,13725.565312244342,13879.58961775093
872,13819.97523218486,13713.725151865896
873,13819.8788839545,13894.81152679638
874,13559.750321895242,13755.354474500891
875,13470.160140881071,13878.445955508929
876,13797.29640319894,13898.386100860876
877,13896.774692038764,13776.04680363344
878,13854.710866595377,13764.979625324764
879,13748.001416956531,13839.435428365205
880,13571.154455343349,13925.491179104149
881,13737.528460676092,13870.654636370242
882,13674.37119753276,13872.767811057602
883,13837.480998690342,13919.827114106722
884,13707.437219512689,13821.709730085751
885,13460.190426843285,13642.237034746942
886,13857.452551710418,13763.619531563369
887,13384.971100811885,13794.08374148502
888,13938.55940943762,13809.199974492709
889,13628.925367182545,13846.812240739708
890,13397.092843028237,13193.5991234919
891,13725.14862419916,13935.371061686525
892,13840.91462233673,13886.485483204337
893,13356.112204635649,13909.826595985282
894,13747.656706074782,13809.31837392832
895,13701.65770371867,13804.169874540194
896,13434.682690397804,13606.164677557312
897,13910.825250202428,13906.29866553559
898,13871.057807279642,13941.168457338728
899,13416.545937311925,13682.422957337274
900,13802.343671869145,13992.590319138828
901,13650.17145000143,13302.363304400344
902,13775.73750525214,13969.129872157368
903,13794.526778287023,13796.203191727996
904,13576.702778055836,13870.639704564428
905,13812.086539250047,13892.047551379945
906,13792.570247106722,13716.84937805298
907,13769.870831536611,13837.49585919046
908,13729.843310233418,13830.329373653583
909,13780.017366055554,13882.513166670078
910,13602.243398084798,13882.490730659852
911,13341.784631824514,9342.755113538724
912,13829.832079766056,14003.12112547479
913,13853.04254588284,13928.30612023187
914,13870.789024069258,8986.211544074444
915,13784.226155032806,9480.361770711088
916,13582.27711534904,14019.27884541628
917,13760.334359982058,13897.3442636212
918,13785.804191943507,13919.022634112722
919,13732.894383272707,13852.417029195656
920,13564.99655529634,13788.835921234488
921,13324.20078797969,13871.423667832583
922,13819.745480930267,13713.389455243829
923,13805.005504901696,13273.968542978984
924,13698.270972680328,13908.985735219903
925,13718.733361051383,13942.594043431754
926,13543.245839900484,13592.858750291429
927,13777.5566736651,13854.658725490724
928,13633.08562722194,13887.398464668238
929,13942.254591727426,13759.71718733648
930,13648.486963927362,13820.568173944195
931,13671.51288935858,13903.34258755207
932,13890.894347543444,13788.784274780404
933,13836.946041942858,13945.657399615666
934,13845.316908661582,13795.568026801186
935,13816.885346859008,13790.038655212162
936,13672.521140839182,13920.308342849488
937,13851.985157783214,13839.004366005518
938,13477.92379606496,13844.268137096367
939,13794.62277334518,13846.938726426575
940,13879.903597222275,13035.712040597677
941,13753.981600373609,13918.541494258896
942,13837.168935560829,13909.045793331705
943,13929.631192233075,13860.053685124289
944,13939.237969540072,13893.410675525738
945,13782.478937569764,13657.70973568394
946,13747.356014954164,13519.699078691332
947,13795.826517097426,13773.712680410552
948,13804.872388866448,13198.98493347702
949,13934.60999341386,13904.152758001694
950,13988.329278116376,13806.211061446947
951,13715.739676791483,13597.298341349133
952,13962.121443749616,13920.36849878189
953,13799.660696050118,13784.196662455242
954,13779.022668990814,13878.33384190427
955,13883.851979878227,13888.558573299488
956,13827.813582268069,13508.820260553945
957,13583.709005956953,13849.096779429015
958,13758.651960048885,13773.079584634535
959,13890.774545137006,13920.69184582649
960,13665.183888005093,13816.27790606468
961,13850.868373824722,13419.934548548816
962,13903.34258755207,13669.402570949353
963,13806.86200158697,13778.344883634389
964,13680.875761094096,13789.595906647415
965,13796.121946440444,13842.40156806544
966,13370.81745037272,13604.96507187668
967,13785.051998446565,13675.343584877724
968,13899.083244654314,13838.47672277459
969,13465.52875515804,13756.56606164718
970,13926.175993186553,13873.54454588426
971,13818.130026537232,13812.508522870408
972,13786.49746255897,13148.529912750651
973,13824.000823974658,13853.146804156298
974,13921.804876072303,13702.947286588396
975,13345.854351444545,13539.673740241196
976,13818.359724081129,13821.932133099192
977,13820.553349780112,13872.26746064515
978,13790.046034595782,13906.156084704622
979,13927.718953029667,13773.73476619749
980,13878.73745935847,13782.346255606975
981,13886.156240654256,13747.099337819
982,13436.328822891466,13879.828838916816
983,13961.274248756368,13858.957959765154
984,13792.540718812535,13833.432701474718
985,13645.661142346988,13866.36306579712
986,13552.326882299483,13654.098711884668
987,13715.644776465757,13893.021184188254
988,13877.997511958218,13853.109568878486
989,13939.697920064393,13732.557747523644
990,13877.85551087538,13782.537908151013
991,13828.192005666542,13851.769232175053
992,13631.866847862024,13937.888453856152
993,13417.258451583475,13846.544396324754
994,13806.077922161414,9520.355789894456
995,13872.40934739426,13761.22347980577
996,13859.24119189306,13762.97266237307
997,13747.02600325514,13919.69929331466
998,13166.493688516295,7080.515102741062
999,13900.050366355688,13919.3308818128
1000,13894.129793834776,13934.067500446088
1001,14226.731650440412,13909.49624570284
1002,13826.248168289843,9764.255571578942
1003,13244.734844248544,13878.75240860392
1004,13844.260699567589,13869.385547635002
1005,13821.79869043226,13720.018855719354
1006,13802.033191544971,13763.950340442714
1007,13901.11510556189,12754.184253585008
1008,13868.855585203428,13637.652578552048
1009,13785.33959214984,11811.426313234811
1010,13501.756643784587,13790.19362392673
1011,13917.992734720066,13690.746045618103
1012,13746.57867935821,13645.025313117856
1013,13668.65577585992,13397.246070865056
1014,13536.131964897186,13533.42354423998
1015,13500.25710720344,12281.751226158944
1016,13909.548800379993,13717.922746799391
1017,13751.368757740873,13689.31331714189
1018,13873.469856063672,12338.515410094777
1019,13358.383097706665,13505.301684113983
1020,13642.829267982785,13633.915098736856
1021,13929.744136165502,13530.900925432456
1022,13866.18399710729,13594.45781650349
1023,13847.727454013855,13787.70716548906
1024,13963.074661025765,13691.015170206594
1025,13835.93568093241,13768.031624506537
1026,13874.627638662534,13868.997402166851
1027,13792.33402429332,13544.007467393223
1028,13950.753398390429,13642.432032695498
1029,13682.909706444398,13731.39428584217
1030,13879.178475637736,13374.231586158576
1031,13953.850564331153,12792.552451850095
1032,13778.816379432034,13750.436888375696
1033,13188.204208384426,13481.653812349854
1034,13844.349950440395,13452.37695757849
1035,13485.632890751413,13169.62927287966
1036,13939.049473995658,13555.87000784321
1037,13865.393165713424,13572.941435234929
1038,13770.864207664288,13694.922305037187
1039,13939.53957301518,13700.812685018203
1040,13449.863400122127,13241.787935544837
1041,13824.579278423354,13507.113840625325
1042,13894.137285042256,13633.467892859278
1043,13870.184299929815,13834.724927926814
1044,13803.112540413378,13674.61790958764
1045,13807.88291769164,13683.084072758242
1046,13571.504666326457,13796.963989489172
1047,13060.083315553173,13842.825406102276
1048,13881.361545157592,13870.139507646663
1049,13681.849073773708,13894.504364104563
1050,13851.054491979012,13667.48861882532
1051,13767.45053723918,13740.026155834516
1052,13426.108314143108,13841.46475502247
1053,13842.59489447694,13770.694955676408
1054,13678.581034664878,13891.440972246555
1055,13725.536070152564,13824.371622538672
1056,13972.720063070205,13760.576835812162
1057,13390.834393037752,13776.79064946007
1058,13640.005788445444,13879.223326320958
1059,749.8376001755163,13818.996989505633
1060,13872.3496052514,13734.255730910998
1061,13917.173434576094,13817.729926471102
1062,421.3269679613961,13862.85714531634
1063,430.7416159442405,13721.932936137948
1064,12903.663815187285,13763.127023360645
1065,13284.047668289082,13835.512264681754
1066,13351.302954095416,13925.596530733004
1067,13457.252284930371,13704.97322324598
1068,13344.810774113665,13681.180814347032
1069,13768.892312229777,13932.500535786308
1070,13251.27990032411,13902.352507432715
1071,13585.56375299707,13908.88063477225
1072,13366.475967391152,13590.098915789791
1073,13545.780184533092,13771.997567302666
1074,13763.715096939592,13834.331293152089
1075,13825.194866452,13886.702492512331
1076,13731.489404239584,13781.13749316152
1077,13852.77446038544,13823.422417931855
1078,13836.663720335113,13117.868676765009
1079,13901.535047563357,13893.950007278609
1080,13825.521224509504,13525.169906189083
1081,13660.6274479453,13897.321779647304
1082,13404.291370004952,13624.882903364638
1083,13652.818306465457,13820.923963422809
1084,13751.87510192581,13896.602330893724
1085,13330.597070453545,13745.845424470885
1086,13425.499774677031,13927.357643972522
1087,13446.831530842372,13899.383112956944
1088,13706.044734062414,13864.035533519263
1089,13523.509031484777,13237.387029830325
1090,13572.140810058105,13817.0335112529
1091,13527.328233119057,13905.908451262849
1092,13664.6186953769,13942.918423837647
1093,13153.476140576358,13800.621421490896
1094,13681.347873083694,13088.433574297109
1095,13636.548437896876,13961.55411430141
1096,13193.315426057226,13999.811908894591
1097,13737.777456972495,13723.072871296616
1098,12985.840828761968,13938.868523069084
1099,13754.679015548189,13765.450206830536
1100,13150.469034925807,13889.31461935604
1101,13812.375262099456,13777.217844760527
1102,13037.31461450082,13849.736883092177
1103,13864.96794461718,13931.679526762598
1104,13026.289231316712,13934.926467152907
1105,12960.18761787222,13630.662705968976
1106,13700.65243460906,13775.685956872208
1107,13537.61103525952,13774.007163393466
1108,13338.614872901751,13808.837388850605
1109,13748.162776925958,13933.75106572109
1110,13675.29278510045,13890.4076631219
1111,13888.281626531185,13215.93461831967
1112,13443.653746853604,13881.271816440463
1113,13728.307311857629,13819.1303780797
1114,13266.861462949031,13762.597800103822
1115,13716.922391010316,13933.984623295615
1116,13289.192342025264,13928.94603830084
1117,13554.565180755211,13781.071164774095
1118,13476.471833854806,13639.44989567885
1119,13087.622618550027,13811.47952031943
1120,13773.73476619749,13961.266684978442
1121,13738.143644394217,13922.361457942208
1122,13552.847185093757,13790.791393025029
1123,13758.218569945886,13790.828294050312
1124,13742.077728385791,13888.828045621673
1125,13781.550217474198,13737.12569165915
1126,13377.203025129296,13869.21386522918
1127,13751.596241095014,13866.355604509372
1128,13727.422440271674,13036.358298714464
1129,13883.290993193526,13929.284842260597
1130,13753.342976935624,13880.778329230654
1131,13824.260380880854,13840.728776581973
1132,13823.23704162237,13874.933923152632
1133,13774.16177200034,13684.704438933468
1134,13469.47015812766,13696.829388931794
1135,13691.269757258366,13785.501829789217
1136,13821.324248483235,13825.706662088463
1137,13798.60405254754,13900.537726735032
1138,13731.986968101262,13707.97679254306
1139,13838.677371093108,13781.63866161461
1140,13770.503632352003,13740.854038172884
1141,13827.0716357223,13784.034455534516
1142,13888.678337485057,13908.715480134995
1143,13805.02029573075,13805.944785443697
1144,13775.64913683702,13654.315753554944
1145,13615.567713792989,13566.753344332825
1146,13733.421324536486,13881.511095597314
1147,13925.762086513309,13937.360781363494
1148,13901.347570320477,13907.649576372036
1149,13817.907745862236,13886.485483204337
1150,13577.8616343718,13919.736887421584
1151,13481.63970632088,13906.028514860462
1152,13642.814822657938,13771.107054740169
1153,13846.938726426575,13915.625295851038
1154,13824.86110710245,13575.587029289143
1155,13731.85525651109,13906.54631287539
1156,13328.411442970566,13322.8024193194
1157,13707.32785177888,13912.8079661555
1158,13603.952395834212,13695.118812039042
1159,13446.824514212154,13829.342243139612
1160,13623.968097361623,13893.70280836087
1161,13859.285913813625,13023.307084035589
1162,13743.910007370674,13894.354533573156
1163,13598.18804268502,13854.35333547306
1164,13882.43838025134,13824.015655535308
1165,13681.623892109194,13859.889687991446
1166,355.8522372608797,13728.870471356147
1167,789.9283877411253,13812.834282247077
1168,13807.9199102398,13870.072319764384
1169,13787.404719854603,13909.646402976914
1170,790.1360278740773,13892.886365351733
1171,751.7164988005115,13621.850828761408
1172,837.9814377731285,13743.514193739691
1173,13934.02982889184,13777.78502428373
1174,13837.815367663405,13835.371131690436
1175,13896.377518434276,13964.391222687404
1176,13031.750164731277,13900.717683821806
1177,13885.804566993456,13816.82608199118
1178,13881.204520663869,13312.368703245564
1179,13398.06102325156,13981.157453337464
1180,13504.091491047511,13881.72047162656
1181,13601.661862328176,13806.92118100706
1182,13407.76447940329,13659.041737515425
1183,13267.155162543197,13958.899625159796
1184,13472.0192216909,13749.615187117844
1185,13661.018501623485,13784.76441674276
1186,13460.260733033518,13776.79801467184
1187,13079.57169329719,13918.947453817857
1188,13699.756558203677,13919.270734848027
1189,13638.605314174572,13560.20697548252
1190,13767.376985386276,13809.414574964738
1191,13525.808812785004,13950.489069868285
1192,13596.903753027274,13910.645031319433
1193,13244.44213645734,13820.553349780112
1194,13551.051240401264,13438.353768790765
1195,13859.010133234666,13664.278153160916
1196,13555.164086589595,13867.69876567393
1197,13709.172754447536,13814.826190794012
1198,13481.463383449323,13907.484450968594
1199,13902.495010277242,13725.397171918166
1200,13985.65700851194,13848.63534604924
1201,14105.3766558344,13724.907395315497
1202,13944.638646585943,13886.171205886014
1203,13855.142907989211,13777.446184147637
1204,13879.582142222363,13741.388917861384
1205,13521.124898997425,13994.573613538292
1206,13864.647181048816,13169.21200599748
1207,13725.470275901627,13951.11592236689
1208,13561.87687700805,13921.556684991185
1209,13746.058060334826,13708.97584393034
1210,13646.43433272029,13740.56829759621
1211,13846.931286028086,13743.338283888226
1212,13721.238837631305,13736.459343875182
1213,13685.205885586134,13708.946672482947
1214,13756.661529099005,13831.368610658768
1215,13568.960687625617,13856.588207776202
1216,13788.592448480997,13677.905834570918
1217,13249.229192330711,13735.558778725232
1218,13796.166261933213,13805.027691157162
1219,13693.852532505212,13857.77298246067
1220,13764.509075992208,13922.090682825132
1221,13846.142649130592,13808.275048787464
1222,13902.25500716967,13115.899103002072
1223,13886.612694734686,13795.64926556479
1224,13703.151310636373,13538.756114552303
1225,13641.3126758774,13762.994713730734
1226,13765.266382100424,13809.251773995968
1227,13274.679669804638,13467.499168269766
1228,13726.910583171755,13747.510025836127
1229,13485.011886995051,13780.068946856763
1230,13621.915633341969,13831.583900708116
1231,13853.347878115414,13881.047499722592
1232,835.9497248157118,13542.24233073382
1233,13239.2028141098,13714.885621134175
1234,13407.701696396747,13799.24688631037
1235,13550.41707207804,13838.56589908671
1236,13555.149826311814,13794.179730377136
1237,13128.748702016912,13839.249622331145
1238,13820.56076185818,13865.475228927358
1239,13639.810859849216,13797.621445425628
1240,13753.732016338085,13825.009442601631
1241,12898.619569912602,13360.287642910023
1242,13912.747875549874,13933.562718541512
1243,13298.251437429624,13083.854986931276
1244,13893.837643043727,13911.05053037296
1245,13621.015624909152,13894.878954570897
1246,13949.590427812347,13806.699260797515
1247,13913.566654698496,13927.320008690454
1248,13699.25404468638,13629.725497248117
1249,13530.623849993228,13741.418227540848
1250,13557.203615281824,13769.848758139342
1251,13384.547028576771,13698.758850039709
1252,13740.641563277815,13765.810517543929
1253,13795.398167023552,13814.759537724713
1254,13919.172997138903,13361.118887384146
1255,13123.96140700938,13871.93889194824
1256,13603.184011782128,13879.866217968882
1257,13239.740164139092,13920.075243522146
1258,13396.69585993718,13792.400461141742
1259,13914.701085970504,13702.26239314467
1260,13818.633889210929,13439.461090716792
1261,13849.550800345678,13891.957684462022
1262,13180.58862287118,13837.703909543578
1263,13854.919434938643,13922.158375616966
1264,13618.381083993338,13661.952776042996
1265,13846.22448463122,13798.315905129832
1266,13779.89946853138,13748.896279073242
1267,13195.896171010289,9283.796239115234
1268,13667.894563881056,13884.218515664988
1269,13637.096877573182,13927.05656741109
1270,13840.966660042432,13984.609635941531
1271,12946.234674771733,6412.2588233303495
1272,13803.866706234125,13919.16547891044
1273,13477.317599042302,13951.961884920614
1274,13547.26848609042,13659.215496039486
1275,13438.507941921423,9495.872479447562
1276,13777.99128296157,13937.6999948078
1277,796.2775756392208,13900.76267382154
1278,13801.404881246495,13989.992370320144
1279,13795.73050528519,13151.49586059002
1280,13488.032760938107,13687.517375630936
1281,13834.598665275858,13979.24620856847
1282,13857.549424560477,13804.754065656918
1283,13867.721153897895,13950.209647750466
1284,13876.12183726206,13715.739676791483
1285,13751.09725520246,13915.069252430563
1286,13357.607583985884,13749.783921327376
1287,13629.300191192451,13847.303315747786
1288,13877.055874826605,13905.653323001594
1289,13826.240750110124,13831.08651660065
1290,13806.122301637944,13960.729677692674
1291,13908.903156163036,9025.470715329162
1292,13666.154969119663,13957.38754712076
1293,13448.635047608112,13922.068118707468
1294,13872.603512912332,13858.71200441417
1295,13582.613582506176,9435.092431658217
1296,13918.939935833036,9389.008027899812
1297,13253.058602930816,13833.165374416232
1298,13859.971686072748,9124.835490037847
1299,13733.567704286375,9504.38295763012
1300,13579.829281749611,13976.873048673731
1301,13853.385114674324,13911.824047826376
1302,13707.8382494686,13840.65443967749
1303,13743.169707839426,13829.594578886445
1304,13596.602446457364,13834.784346442388
1305,13609.55632402926,13805.715500448943
1306,13470.800902451214,13856.208228617885
1307,13812.019912614323,13617.790971393966
1308,13732.243081204162,13800.214944402434
1309,13461.378700144332,13926.100735597698
1310,13399.224417659658,13948.201158732496
1311,13358.355399237476,13806.381187604273
1312,13638.857955796426,13708.465361524297
1313,13376.466984998207,13600.355383105982
1314,13448.424495419307,13656.189833612603
1315,13569.753792135276,13839.494887349843
1316,13333.769918537651,13885.939248418488
1317,13369.825457337634,13779.457370782517
1318,13033.424274317991,13496.764196064383
1319,13496.48851689902,13747.84006077477
1320,13535.143727828616,13832.200112719604
1321,13142.52829898077,13908.89564902467
1322,13025.08435840736,13654.156588988742
1323,13250.19655687653,13692.41915380524
1324,13270.653236271954,13898.438571615798
1325,13751.060566492515,13748.610203925931
1326,13465.0503132725,13865.922863558171
1327,13797.074792279362,13456.451196103291
1328,13710.740947490174,13839.487454948823
1329,13780.260536070651,13848.025110416944
1330,13589.582915280407,13740.297221367631
1331,13469.406795908448,13912.259658620673
1332,13673.16679002854,13775.199948255744
1333,13069.508698364398,13785.110991048436
1334,13890.325304516844,13197.29505934987
1335,13805.833840140403,13869.654276455476
1336,13953.933677969782,13767.855086478494
1337,13742.187651347858,13839.955711804492
1338,13379.314382015822,13916.639813881751
1339,13630.605027864403,13442.068923859517
1340,13422.241180291188,13780.068946856763
1341,13899.383112956944,13831.62844431372
1342,13860.515879743376,12338.338183162276
1343,13675.249242734602,13870.863685027263
1344,13523.033557004715,13839.732728397606
1345,13706.13221173024,13789.536875653495
1346,13560.620844364248,13588.76599460558
1347,13840.988962036085,13920.263226241384
1348,13595.454734229786,13845.532633153452
1349,13882.296288275593,13661.329912231782
1350,13288.870254878037,13759.166187112203
1351,13888.678337485057,13816.974245114025
1352,13592.24217055572,13866.116847540963
1353,13833.336165511731,13586.982009370186
1354,13463.481543866104,13835.638544009424
1355,13898.386100860876,13787.884212993134
1356,13941.749216480712,13694.17271900215
1357,13891.455948871291,13809.569979470369
1358,13921.774791833575,13878.685137253
1359,13404.584213368064,13881.241907125865
1360,13943.552140733014,13276.170548314656
1361,13858.272287815436,13876.74949664764
1362,13506.667835122003,13713.63027941535
1363,13562.333673841547,13670.664332503644
1364,13406.013751543109,13893.635392000828
1365,13762.436101115423,13596.372888509948
1366,13819.122967535806,13775.64913683702
1367,13786.379454125834,13863.796856439478
1368,13777.821855737568,13843.546734010097
1369,13019.359321391674,13877.422051860058
1370,13779.39842655931,13758.505045090547
1371,13792.79909567362,13695.890338504189
1372,13623.838449757151,13859.598975339191
1373,13747.766718307876,13712.64514309523
1374,13528.36504290052,13908.520302438408
1375,13487.496245245058,13809.925202903483
1376,13739.938244985444,13751.801716400149
1377,13416.58784782131,13534.36888027323
1378,13473.970399913836,13881.331635456329
1379,13159.13161121185,13888.678337485057
1380,13512.574485422354,13766.509132868923
1381,13871.662607590986,13670.570054910806
1382,13934.082569124825,13730.150551154924
1383,13528.840892374808,13771.460302140766
1384,13957.757975941777,13752.220024388096
1385,13844.922670924583,13889.906039487088
1386,13677.898574717086,13699.356000969648
1387,13880.195162308491,13153.516423645477
1388,13918.210729904182,13581.747392332078
1389,13786.97689259398,13673.631114778194
1390,13294.142111695372,13744.701703033244
1391,13773.88200658714,13603.119385305354
1392,13332.197100729472,13844.364825697745
1393,13829.305135718196,13714.542568891222
1394,13917.677029663188,13707.619502947398
1395,13868.997402166851,13832.571351275912
1396,13809.614381400124,13881.047499722592
1397,13783.120269738303,13084.413017693796
1398,13494.460147314336,13914.31040001382
1399,13705.097130895578,13914.160142025945
1400,13793.389707708511,13756.918563440056
1401,13812.19758507135,13701.77426620246
1402,13388.190754856569,13553.638407001452
1403,13612.32406769132,13658.00651794502
1404,13257.060725208414,13772.174211581114
1405,13806.0335429702,13864.781452364405
1406,13907.40939526324,13837.109496560564
1407,13737.682251440414,13759.401275143668
1408,13880.37459306547,13688.1789834657
1409,13907.431911889784,13861.701326204302
1410,13924.746238074447,13881.05497682972
1411,13931.257761586088,13904.44534275771
1412,13865.229042199688,13874.201850984447
1413,13851.35229142994,13255.649138762035
1414,13198.829446981736,13853.86920815691
1415,13532.08750501484,13909.789055390203
1416,13330.245391150243,13727.98552717304
1417,13564.496739127002,13961.599498960592
1418,13146.28956338886,13556.661582748346
1419,13156.827192412786,13907.889765776832
1420,13828.948914604383,13840.8179819214
1421,13440.456434491489,13624.904514440554
1422,13588.40056189018,13803.482219244032
1423,13291.255440585004,13831.947681883175
1424,13430.957616328247,13558.002479076218
1425,13764.494371843944,13811.094609130185
1426,13572.791310819288,13971.15954242342
1427,13503.362649005789,13711.81336042018
1428,12963.597406053448,13848.322779616532
1429,13583.14337309389,13684.37742830516
1430,13325.509871914865,13701.32259762466
1431,13891.373577834873,13420.200120298405
1432,13885.430465631543,13792.983656501245
1433,13817.552111656536,13876.996092656176
1434,13675.19118667813,13580.816897890136
1435,13811.523934529556,13716.659548001488
1436,13093.135108769877,13657.99204046231
1437,13765.964942195327,13821.91730600896
1438,13847.645600746284,13812.353052220957
1439,13913.7394369239,13516.699453872929
1440,13772.54959571888,13732.579701525943
1441,13722.254437135676,13771.210083360009
1442,13932.154043112694,13874.739692395162
1443,13825.721497309678,13824.097229687755
1444,13845.116067763682,13663.430494124734
1445,13334.011392724036,13664.604203872994
1446,13759.621677469237,13340.154676569966
1447,13634.549892938605,13821.828344135574
1448,13631.14577925839,13688.738855438489
1449,13684.38469503822,13747.825392218789
1450,13339.926790835396,13701.096774502264
1451,13788.186679664866,13876.233915130864
1452,13419.326568594266,13534.447071873345
1453,13675.067819194805,13814.45590410325
1454,13935.634817613218,13804.887179410258
1455,13459.550674262293,13844.268137096367
1456,13609.901331953144,13397.650051963728
1457,13745.398177400728,13654.301283895593
1458,13829.446144978994,13653.360821814602
1459,13616.884312669716,13946.99332357704
1460,13905.03054921242,13676.983894790976
1461,13782.272544509273,13014.362256547
1462,13861.649132470397,13733.245672955478
1463,13300.543884387096,13829.70590640808
1464,13841.479624080384,13863.610395688853
1465,13746.938002811288,13671.302553481357
1466,13757.440005466717,13791.064465288478
1467,13851.292730515324,13765.575210451449
1468,13730.106658752837,13891.163910513702
1469,13541.5591755403,13766.832726099376
1470,13306.278461169071,13728.746133466591
1471,13378.258620268967,13235.490169350853
1472,13556.561739377456,13693.656061840322
1473,13473.75200892192,13800.16321267247
1474,13425.863492782955,13926.175993186553
1475,13705.658387719384,13850.079288411152
1476,13377.043311427416,13598.77645752606
1477,13164.9668094202,13740.158024217411
1478,13475.132922714269,13788.555559419923
1479,688.3690699237644,13751.324729573898
1480,868.3829658021309,13841.784446807826
1481,13435.516213460018,13615.999357501698
1482,13553.260604836609,13873.98523219586
1483,804.3912221614372,13765.920820512822
1484,721.5481156978873,13739.637891405384
1485,831.0049359553776,13737.535783967744
1486,13679.387005916631,13777.659798813624
1487,13455.741539187731,13755.853769410209
1488,13703.04929785296,13681.297028688472
1489,13751.52285854554,13785.33959214984
1490,13824.490282280323,13617.30884418446
1491,13838.64764504914,13841.026132185223
1492,13511.327568036895,13763.200529809814
1493,13292.66776433886,13456.718215114875
1494,13488.618741314378,13859.613883383665
1495,13605.130274469886,13896.924574770825
1496,12878.237400145425,13864.51291233386
1497,13760.687054923554,13656.884604010926
1498,13086.984560084546,13579.600289826814
1499,261.6489951495369,13692.884787073222
1500,313.76475234902557,13799.564630862851
1501,13513.531083717931,13727.195755989647
1502,13569.225045494371,13779.877362970188
1503,471.2846952119963,13772.866111970994
1504,880.4407012010232,13640.070765882308
1505,13845.339224676589,13730.070081965468
1506,525.4662901632267,13872.192784574563
1507,821.0249156674826,13857.67610648498
1508,13433.681198645883,13509.875482770714
1509,13749.783921327376,13357.150626992638
1510,13801.818820425562,13753.291596018398
1511,13146.745620523978,13817.96702000966
1512,13582.25563928796,13765.361970347358
1513,13841.643185825878,13693.88163974986
1514,13345.757589065614,13621.058822596648
1515,13567.439043985794,13762.134763139416
1516,13568.689195671255,13886.65759347834
1517,13724.995113928446,13779.781573024577
1518,13756.20623469964,13705.738571018286
1519,13807.868120727871,13664.5317468145
1520,13809.732787942086,13867.295790003309
1521,13713.812727600734,13802.794632455616
1522,13715.243289618436,13774.05869921011
1523,13249.876357197174,13788.053887784612
1524,13799.254275552375,13919.9850136203
1525,13275.06945433228,13821.049976589313
1526,13586.122424706373,13660.41020557563
1527,13848.58325066395,13706.627939607402
1528,13693.554190381708,13757.07278865516
1529,13267.681122216509,13783.74691628436
1530,13421.26950239366,13022.484436067049
1531,13472.554506752798,13902.8025263694
1532,13320.109836694312,13745.038934439346
1533,13363.051930656797,13827.87294143151
1534,13326.722726553426,13660.337792987852
1535,13324.73128047144,13246.382417799325
1536,13723.116718738936,13781.535476894494
1537,13141.610099687292,13755.207629954872
1538,13222.939730746672,13822.213853857806
1539,13349.42863077955,13679.612113954106
1540,13441.5430695982,13627.75777837829
1541,13466.07759801388,13712.703517598637
1542,13418.124747334316,13909.49624570284
1543,13438.879373535898,13743.631469475788
1544,13561.291651032734,13841.531666034653
1545,13088.925514456592,13730.092028014502
1546,13145.686007007003,13705.527180708514
1547,13503.242362252256,13737.616340691216
1548,13579.085086236017,13858.220119901138
1549,13524.105195982936,13773.469741428797
1550,12923.510876744273,13904.482854514405
1551,13467.21060745578,13171.985307783134
1552,13680.171285330094,13858.570397717647
1553,13622.470097736812,13819.745480930267
1554,13760.76053531208,13809.170374951034
1555,13432.238752694808,13727.890457312167
1556,13382.211636848566,13581.303602155953
1557,13456.900918439176,13562.276572554523
1558,13684.522764432715,13816.122350549378
1559,12815.474057294605,13818.10779814792
1560,13715.608276690156,13809.429375243157
1561,13692.622864463256,13563.33302420418
1562,13469.301193534477,13573.584863204402
1563,13094.518947308514,13449.126361688746
1564,13500.44099471294,13748.434163598542
1565,13543.936283624904,13494.198694555938
1566,13785.34696650515,13657.543253721138
1567,13596.121818380389,13643.63103147589
1568,13401.865445702528,9152.534804758645
1569,13846.447677276985,13848.047435163024
1570,13732.894383272707,13895.06625737827
1571,13635.725861089151,8841.435107935291
1572,13585.43483528128,9272.034932486697
1573,13574.786091980544,13949.74145199672
1574,13716.915089679604,13875.128159348204
1575,13618.95685289248,13883.081569786047
1576,13787.5522526528,13763.795960986792
1577,13582.39881431133,13821.153753863597
1578,13764.648766967584,13713.177828863343
1579,13591.424930143658,13907.874753695978
1580,13801.693157692913,13593.798066469271
1581,13555.584778282704,13920.564009152962
1582,12815.474057294605,13869.557234291276
1583,13406.801871243775,13748.287466769383
1584,13450.523293539942,13810.265642509146
1585,13815.863099140966,13749.915977075829
1586,13155.967441157612,13700.29552671578
1587,13566.724775018083,13653.896145884277
1588,13653.939552378384,13804.11071870308
1589,13479.587593663447,13602.997314746828
1590,13676.889530014552,13751.823731975608
1591,13218.029270694684,13567.903359147822
1592,13680.207596740294,13769.576525391623
1593,13784.049201460468,13782.980203596013
1594,13476.584596413224,13751.55954972238
1595,13573.198799102487,13670.845639221674
1596,13829.119601598117,13788.002247188606
1597,13463.71367055395,13784.793911749905
1598,13612.10116873746,13734.102016855182
1599,13731.11625500534,13778.160714352549
1600,13355.939149940088,13810.968777433229
1601,905.1599665878572,13802.646773278686
1602,13655.270818882676,13701.271604656022
1603,13743.83670683005,13226.26517914104
1604,13830.329373653583,13798.13120157633
1605,13939.1776504112,13517.9544540609
1606,13885.101273106988,13418.20858834372
1607,13759.460048406758,13665.009977601305
1608,13567.517618163867,13633.915098736856
1609,13657.803835980028,13721.91832281418
1610,13421.220572695189,13808.637604898488
1611,13684.46462961124,13649.708717129482
1612,13827.182922628352,13173.217513100475
1613,13730.838235427324,13824.51994753402
1614,13691.044265390456,13745.830760171031
1615,13251.450253460984,13649.325540217087
1616,13640.049106667902,13808.78559245607
1617,13888.431326115462,13195.288051183976
1618,13187.097412300272,13802.402812562264
1619,13686.841293041913,13845.428489456011
1620,13699.661878925326,13707.55388035241
1621,13139.425703298595,13820.345814822043
1622,12856.771272455866,13266.834142717627
1623,13667.916311618135,13838.45442887614
1624,13775.899516957796,13706.066603374687
1625,13576.981743904667,13795.981615924871
1626,13389.38026285367,13816.137165209448
1627,13488.555198812455,13294.409586492737
1628,13588.586858465644,13845.19789112982
1629,13442.559758292902,13766.42823693822
1630,13370.526080507056,13823.162892490698
1631,13786.29832449994,13685.278562062971
1632,13270.37988283664,13305.254802990892
1633,13420.1581872181,13846.075693531411
1634,13462.194441121386,13795.590182732734
1635,13578.505528922911,13699.414262384322
1636,13740.2459378789,13655.791819922348
1637,13674.051936323112,13141.89827981084
1638,13800.93922934797,13842.654380613045
1639,13671.150245334558,13871.767146323766
1640,13608.636388408331,13689.429669687535
1641,13786.40895604472,13878.221730110963
1642,13451.59049225784,13632.912532852552
1643,13397.21124604891,13718.112611816512
1644,13473.054614125014,13884.143710871416
1645,13761.267571382114,13706.54045561164
1646,13843.531860510717,13852.804247150532
1647,13768.053692078363,13595.038736395623
1648,13393.43034817467,13665.59694295564
1649,13479.030598730858,13668.37303008444
1650,13600.843488830282,13748.639544418797
1651,13393.367699337656,13639.767543139997
1652,13853.526615423818,13849.796430627148
1653,13695.65013698412,13804.635744475694
1654,13879.612044384936,13777.446184147637
1655,13277.867000822853,13638.987889418037
1656,13740.744136544688,13886.904541758298
1657,13810.643106041038,13623.9897055356
1658,13589.969911988848,13094.24614829588
1659,13835.72768374625,13825.128113292878
1660,13616.26555143125,13844.64002372464
1661,13595.318456273337,13785.56820083324
1662,13869.616952385462,13822.621627927809
1663,13911.73392486095,12882.087151957296
1664,13772.255175056476,13810.635704596987
1665,13548.878213742672,13861.805714851287
1666,13636.259803153773,13714.24332456651
1667,13817.678063344109,13710.383513790026
1668,13582.08383324426,12893.321226761074
1669,13665.74188043525,13755.684886193128
1670,13915.189474269662,13825.69182689909
1671,13687.75729195991,13698.300098711436
1672,13924.625851045894,13709.727051460546
1673,13593.604456330808,13655.487897817808
1674,13454.484014259668,13852.93828917866
1675,13783.142385705216,9274.737960924156
1676,13527.86082103244,13819.960409292747
1677,13389.42896066689,13891.815397553146
1678,12993.94709199603,13808.252852093035
1679,13601.109090486856,13731.079672838683
1680,13489.571950689664,9402.525958758464
1681,13490.348739425412,13883.575220781237
1682,13454.926580026096,13747.891400967215
1683,13451.555384343148,13283.212291781356
1684,13434.367519549576,13428.724962819291
1685,13330.955664535351,13729.616545992169
1686,13354.85246895634,13741.315644209726
1687,13781.96296650856,13796.07024539204
1688,12978.836215106836,13526.774386172665
1689,13436.384868544545,13782.744309159418
1690,13385.80541970819,13873.701397125207
1691,13762.605150148122,13586.430430039894
1692,13695.999523798642,13784.2040355878
1693,13915.775585484933,13019.832926534136
1694,13663.843443081469,13667.68433932393
1695,13832.88320706325,13761.627663164909
1696,13823.607799213383,13819.508326357383
1697,13883.590180450336,13684.573632806692
1698,13797.355500646505,13426.101319123196
1699,13571.36172088494,13779.531051770688
1700,13860.247504921312,13759.166187112203
1701,13803.800158876147,13747.818057952536
1702,13419.969491599566,13834.427843004623
1703,13599.30033309832,13468.05521056213
1704,13848.57580849805,13693.386833418706
1705,13345.22542106138,13820.775715580536
1706,13873.410104786228,13766.53854980672
1707,13515.749495712376,13507.687319555422
1708,13430.81061631056,13027.105774635927
1709,13389.38026285367,13554.96444543099
1710,13755.890483701787,13826.27784108834
1711,13722.451729297683,13721.60414388146
1712,13687.786373298572,13673.065223193133
1713,13667.365390275996,13653.107642619636
1714,13759.599636918938,13615.488582081627
1715,13737.081754649693,13771.887166929691
1716,13562.383637862127,13904.963022876726
1717,13580.523460704191,13714.564465330148
1718,13729.067953809885,13502.506537002497
1719,13779.162654709306,13361.056540460668
1720,13567.203326912071,13786.010690792991
1721,13802.81681160538,13813.70058080165
1722,13537.81727747536,13763.127023360645
1723,13746.050727954143,13277.30602903512
1724,13302.212239264074,13790.164105807808
1725,13861.104849809994,13780.201584975885
1726,13969.531215390996,13832.65302643254
1727,13688.724312729972,13578.655779772233
1728,13454.076598499523,13583.737646848596
1729,13568.646329513687,13583.544323173795
1730,13091.079850099137,13824.349374063886
1731,13779.17002245749,13715.068102723822
1732,13928.57713717726,13691.407965622988
1733,845.9507595789634,13770.724390505877
1734,13898.708427470789,13738.59041948602
1735,13728.329252271824,13770.577217616854
1736,13927.485605453,13775.501858664518
1737,13894.257145460557,13792.090427991572
1738,14026.48220876594,13826.010790486858
1739,13925.047214753204,13709.99692280846
1740,13847.593512807109,13725.762699622952
1741,13481.153066397148,13809.310973904116
1742,13838.56589908671,13811.575751469063
1743,13842.587458745877,13867.049538622474
1744,13572.112218048676,13023.155709006816
1745,13877.6910921993,13766.457653530291
1746,13869.034722902434,13797.052631578948
1747,13826.61908742546,13861.55965841242
1748,13920.293303947625,13722.912099738693
1749,13944.895207400104,13667.039207783006
1750,13843.7995883896,13624.249008969762
1751,13941.96795649337,13865.042542923044
1752,13968.251541018297,13377.501630541426
1753,13911.996786773949,13841.36810692471
1754,13768.414139098908,13251.198132374151
1755,13932.56832984701,13794.829536469855
1756,13838.33552929754,13711.353734337174
1757,13865.490149616073,13740.026155834516
1758,13715.52797786764,13702.20410750224
1759,13563.639997094611,13143.31925962308
1760,13919.691774517642,13805.69331198265
1761,13845.398734401644,13824.104645567537
1762,13941.36455241766,13837.599883585002
1763,13790.61427085251,13720.157645119589
1764,13213.982918604936,13618.229952724249
1765,13952.959043936184,13722.992485046778
1766,13581.48254631811,13900.08035677684
1767,13636.90924850903,13439.306895715505
1768,13844.089638611176,13808.171464823992
1769,13582.456085165864,13573.04152002368
1770,13581.224868218427,13836.225401720709
1771,13849.171207047491,13880.471786662472
1772,13778.558526169569,13741.293662266611
1773,13057.879619317093,13658.375704124575
1774,13428.480046022987,13593.210082366932
1775,13771.541257222498,13853.26595839043
1776,13651.791262151351,13741.704003468249
1777,13917.07572631811,13733.51647101897
1778,13872.947049836395,13799.72720350174
1779,13686.02717469813,13869.54230484808
1780,13614.697315554316,13748.228788914266
1781,13856.126275060988,13754.634966181591
1782,13737.953224498631,13780.55529911038
1783,13782.83276862689,13518.599770858777
1784,13764.509075992208,13698.154469794465
1785,13909.045793331705,13169.851377325504
1786,13910.352185593689,13839.138141105506
1787,13847.377724090644,13951.418040073411
1788,13805.59716278621,13822.5697280736
1789,13728.02209285477,13802.114506470229
1790,13754.561551197568,13940.49725055814
1791,13727.590630222132,13790.665931016178
1792,13693.408662355803,13615.215225064869
1793,13879.582142222363,13770.28288127596
1794,13782.62636496908,13795.16184733452
1795,13834.628373927568,13849.945301704842
1796,13341.4807116546,13412.495823721923
1797,13602.37263500603,13760.81932018792
1798,13711.127580433107,13698.824388452073
1799,13789.035132610114,13810.798538198644
1800,13789.027754308368,13508.919401933514
1801,14216.928577181903,13791.640166571317
1802,13733.077344406563,13721.392263887225
1803,13912.214594169998,13654.243405564848
1804,13751.148619725283,13859.502073831856
1805,13868.027133537147,13768.45092046829
1806,13749.864621761126,13448.515733891669
1807,13793.64811637924,13649.014676642477
1808,13786.490086972712,13816.374204091437
1809,13561.156057099375,13697.222518043847
1810,13784.572702272895,13866.803295987207
1811,13741.799264752151,13871.699942671816
1812,13808.193661256764,13720.376791994948
1813,13725.821185862456,13733.779960466452
1814,13803.031213727934,13578.469755401262
1815,13804.302977027472,13741.535467509048
1816,755.79749857572,13691.858980748366
1817,13582.105308762026,13705.27935209753
1818,13802.14407577151,13733.86047314762
1819,693.776953076414,13841.167380572697
1820,817.4083541229002,13613.711957652951
1821,13821.9247195501,13813.796842904254
1822,13760.069850640431,13142.454570212452
1823,13688.666142204916,13413.42434057969
1824,13762.96531193622,13538.948165450674
1825,13722.963253916692,13822.933035237753
1826,13732.53579359154,13346.46260424252
1827,13587.641097944595,13571.79056624343
1828,13737.286796431796,13875.03851119757
1829,13478.11412498287,13720.194169112665
1830,13865.803491497243,13672.840330570092
1831,13831.093939981076,13846.64855681038
1832,13714.57176415866,13663.234895435957
1833,13715.754276958156,13773.079584634535
1834,13755.66285825314,13869.15415060606
1835,13649.014676642477,13809.969607117571
1836,13702.189536169111,13872.476557920048
1837,13779.965785640494,13110.007267791616
1838,13648.819490471971,13835.244857244095
1839,13694.667582131431,13827.798742556835
1840,13632.76829090232,13710.675295005223
1841,13706.649810780838,13781.682884110514
1842,13719.558679377276,13449.11232364541
1843,13498.107409506469,13814.811378945253
1844,13512.446949215466,13797.222532101408
1845,13587.218414221925,13892.099974285671
1846,13782.501051478595,13865.13206194969
1847,13609.764764225009,13815.85569210083
1848,13458.552500505286,13793.234667153389
1849,13673.703668369038,13673.78347820827
1850,13562.490704860167,13895.298519872533
1851,13440.232118800666,13824.809190429747
1852,13624.983755638788,13851.240615135215
1853,13716.29450497745,13609.714450489731
1854,13657.058307656596,13653.628478602264
1855,13609.930083403046,13802.107114164704
1856,13688.280774963374,13794.26833669405
1857,13712.542988910156,13653.085941982688
1858,12848.418802809423,13633.749196359227
1859,13813.248907313842,13516.337886893038
1860,13393.39554319286,13705.221040785707
1861,13774.596167137315,13676.519342312034
1862,13070.171570004815,13543.808154727492
1863,13833.945107217916,13847.280993400864
1864,13782.044045116883,13729.170354355942
1865,13762.774203333853,13709.172754447536
1866,13721.151167025537,13634.081005152104
1867,13699.661878925326,13900.117844985269
1868,13767.325499556844,13861.0824829438
1869,13249.835481756272,13409.362155962945
1870,13666.473861675351,13862.01449686206
1871,13622.398086823494,13773.94090362444
1872,13642.042042372706,13620.806839948753
1873,13441.325728520707,13810.16942961476
1874,13344.92134411361,13635.386757435894
1875,13575.751519183994,13793.315878438052
1876,13418.096800564012,13788.680983032891
1877,13589.00962733558,13844.357388065073
1878,13574.299854721752,13611.108997449945
1879,13650.316060458064,13205.383336185894
1880,13687.204770003284,13901.175095723023
1881,13526.83118890046,13843.249270094757
1882,13482.345043931748,13702.211393180429
1883,13355.198526511853,13370.082112748472
1884,13597.556629743152,13107.433337487188
1885,13694.44925575389,13837.13178612582
1886,13624.501118994032,13755.325105340866
1887,13649.759327009304,13808.1418696913
1888,13736.78884843574,13849.960188988633
1889,13656.6602433416,13317.734932162755
1890,13359.712759322709,13859.092120908996
1891,13781.999820303174,13629.81200342308
1892,13661.15609990903,13686.397877290976
1893,13762.274405926635,13830.025055237338
1894,13702.094823259176,13250.305564553695
1895,13730.048135986586,13767.96542221548
1896,13628.74517067,13785.656696552758
1897,13665.698398868552,13615.08574399323
1898,13679.735563442711,13715.871079410548
1899,13646.932978591576,13786.504838153118
1900,13847.690247863184,13700.528607314978
1901,13488.371634947553,13868.68391591757
1902,13544.299328666462,13900.365272232391
1903,13550.99423407904,13733.004159368007
1904,13574.964864436324,13703.785281267415
1905,13697.93603222468,13724.54191316352
1906,13614.380834694166,13811.812633858224
1907,13621.980438539133,13898.438571615798
1908,13744.987615549182,13761.870184577085
1909,13813.041591669016,13663.597119647258
1910,13805.523202777198,13372.003873084865
1911,13550.887348517594,13266.397034317348
1912,13818.93029618424,13802.181037576282
1913,13750.546945108914,13812.72322618788
1914,13868.93022534896,13542.185398501677
1915,13550.687833314229,13417.202565376168
1916,13934.918931896822,13896.09276642739
1917,13938.431244391728,13642.244256793778
1918,13965.518820536026,13855.731421511013
1919,13892.60924596036,13644.49068440058
1920,13834.472404929556,13720.121121320975
1921,13698.241846773077,13614.589422698977
1922,13864.40848290904,13733.252991681647
1923,13780.81322711456,9421.584101714398
1924,13559.971509635703,13873.761150911814
1925,13863.162910350327,13229.415717404796
1926,13612.856178577522,13880.12787697061
1927,13459.12889264004,13680.86123508804
1928,13211.537331208125,13794.814767469685
1929,13218.36827362282,13776.510777248108
1930,13769.679531111324,13688.840655263286
1931,13425.695620439095,6445.786638585468
1932,13444.158724709843,13822.866303918709
1933,13634.275770009126,13823.570722559309
1934,13080.88626648765,13618.078824809509
1935,13525.276386430114,9432.882089906265
1936,13756.20623469964,13812.760244675856
1937,13476.83127108876,13822.26575103963
1938,13509.542609642018,13879.126150207005
1939,13616.819555951974,13824.935274454148
1940,13677.97843353312,13751.23667408574
1941,13187.401087853732,13705.833334308403
1942,13668.307782720518,13819.241537191849
1943,742.1632786045426,13717.944654033145
